{"credit":"Made with Blockbench","texture_size":[32,32],"textures":{"0":"zen_armas:halloween/crowbar","particle":"zen_armas:halloween/crowbar"},"elements":[{"from":[6,-5.1,7],"to":[9,25.9,9],"rotation":{"angle":0,"axis":"y","origin":[7,13.9,7]},"faces":{"north":{"uv":[0,0,1.5,15.5],"texture":"#0"},"east":{"uv":[3,0,4,15.5],"texture":"#0"},"south":{"uv":[1.5,0,3,15.5],"texture":"#0"},"west":{"uv":[4,0,5,15.5],"texture":"#0"},"up":{"uv":[9.5,3,8,2],"texture":"#0"},"down":{"uv":[9.5,3,8,4],"texture":"#0"}}},{"from":[6.1,25.5,7.3],"to":[8.9,28.5,9.3],"rotation":{"angle":22.5,"axis":"x","origin":[7.5,26.5,8.3]},"faces":{"north":{"uv":[5,3,6.5,4.5],"texture":"#0"},"east":{"uv":[8,4,9,5.5],"texture":"#0"},"south":{"uv":[5,4.5,6.5,6],"texture":"#0"},"west":{"uv":[8,5.5,9,7],"texture":"#0"},"up":{"uv":[9.5,8,8,7],"texture":"#0"},"down":{"uv":[9.5,8,8,9],"texture":"#0"}}},{"from":[6.1,-6.8,8.1],"to":[8.9,-3.8,10.1],"rotation":{"angle":-45,"axis":"x","origin":[7.5,-5.8,9.1]},"faces":{"north":{"uv":[5,6,6.5,7.5],"texture":"#0"},"east":{"uv":[5,8.5,6,10],"texture":"#0"},"south":{"uv":[6.5,0,8,1.5],"texture":"#0"},"west":{"uv":[6,8.5,7,10],"texture":"#0"},"up":{"uv":[10.5,5,9,4],"texture":"#0"},"down":{"uv":[10.5,5,9,6],"texture":"#0"}}},{"from":[6.2,-6.8,9.1],"to":[8.8,-5.8,12.1],"rotation":{"angle":0,"axis":"x","origin":[7.5,-5.8,11.1]},"faces":{"north":{"uv":[9.5,10,10.75,10.5],"texture":"#0"},"east":{"uv":[9.5,7.5,11,8],"texture":"#0"},"south":{"uv":[10.5,1,11.75,1.5],"texture":"#0"},"west":{"uv":[9.5,8,11,8.5],"texture":"#0"},"up":{"uv":[7.75,6,6.5,4.5],"texture":"#0"},"down":{"uv":[7.75,6,6.5,7.5],"texture":"#0"}}},{"from":[6,27.46194,7.49134],"to":[9,30.46194,9.49134],"rotation":{"angle":-22.5,"axis":"x","origin":[7.5,28.96194,8.49134]},"faces":{"north":{"uv":[6.5,1.5,8,3],"texture":"#0"},"east":{"uv":[7,8.5,8,10],"texture":"#0"},"south":{"uv":[6.5,3,8,4.5],"texture":"#0"},"west":{"uv":[8,9,9,10.5],"texture":"#0"},"up":{"uv":[10.5,7,9,6],"texture":"#0"},"down":{"uv":[10.5,9,9,10],"texture":"#0"}}},{"from":[7.9,29.86194,1.19134],"to":[8.8,31.06194,6.19134],"rotation":{"angle":-22.5,"axis":"x","origin":[7.3,30.86194,4.69134]},"faces":{"north":{"uv":[10.5,1.5,11,2],"texture":"#0"},"east":{"uv":[9.5,0,12,0.5],"texture":"#0"},"south":{"uv":[10.5,2,11,2.5],"texture":"#0"},"west":{"uv":[9.5,0.5,12,1],"texture":"#0"},"up":{"uv":[10,3.5,9.5,1],"texture":"#0"},"down":{"uv":[10.5,1,10,3.5],"texture":"#0"}}},{"from":[7,29.86194,3.19134],"to":[7.9,31.06194,6.19134],"rotation":{"angle":-22.5,"axis":"x","origin":[6.4,30.86194,4.69134]},"faces":{"north":{"uv":[10.5,2.5,11,3],"texture":"#0"},"east":{"uv":[9.5,8.5,11,9],"texture":"#0"},"south":{"uv":[10.5,3,11,3.5],"texture":"#0"},"west":{"uv":[6,10,7.5,10.5],"texture":"#0"},"up":{"uv":[8,11.5,7.5,10],"texture":"#0"},"down":{"uv":[9.5,10,9,11.5],"texture":"#0"}}},{"from":[6.2,29.86194,1.19134],"to":[7,31.06194,6.19134],"rotation":{"angle":-22.5,"axis":"x","origin":[5.5,30.86194,4.69134]},"faces":{"north":{"uv":[10.5,4,11,4.5],"texture":"#0"},"east":{"uv":[9.5,3.5,12,4],"texture":"#0"},"south":{"uv":[10.5,4.5,11,5],"texture":"#0"},"west":{"uv":[9.5,7,12,7.5],"texture":"#0"},"up":{"uv":[5.5,12.5,5,10],"texture":"#0"},"down":{"uv":[6,10,5.5,12.5],"texture":"#0"}}},{"from":[6.1,29.36194,5.59134],"to":[8.9,31.36194,8.59134],"rotation":{"angle":22.5,"axis":"x","origin":[7.5,30.36194,7.09134]},"faces":{"north":{"uv":[5,7.5,6.5,8.5],"texture":"#0"},"east":{"uv":[6.5,7.5,8,8.5],"texture":"#0"},"south":{"uv":[8,0,9.5,1],"texture":"#0"},"west":{"uv":[8,1,9.5,2],"texture":"#0"},"up":{"uv":[6.5,1.5,5,0],"texture":"#0"},"down":{"uv":[6.5,1.5,5,3],"texture":"#0"}}}],"display":{"thirdperson_righthand":{"translation":[0.25,0.25,0.5],"scale":[0.5,0.5,0.5]},"thirdperson_lefthand":{"translation":[-0.25,0,1],"scale":[0.5,0.5,0.5]},"firstperson_righthand":{"translation":[4.5,2.5,0],"scale":[0.5,0.5,0.5]},"firstperson_lefthand":{"translation":[3.75,2.75,0],"scale":[0.5,0.5,0.5]},"ground":{"translation":[0,9.5,0],"scale":[0.5,0.5,0.5]},"gui":{"rotation":[90,56,-90],"translation":[-2.25,-1.5,0],"scale":[0.5,0.5,0.5]},"head":{"rotation":[64.63,50.02,-58.29],"translation":[-1,-18.75,6.75]},"fixed":{"translation":[0,0,-4.25]}}}