{"credit":"Made with Blockbench","texture_size":[128,128],"textures":{"0":"zen_armas:guadananavidad24","particle":"zen_armas:guadananavidad24"},"elements":[{"from":[8.3,-1.7,-15.8],"to":[8.3,32,27],"rotation":{"angle":0,"axis":"y","origin":[10.8,17.3,8.2]},"faces":{"north":{"uv":[0,0,0,4.21875],"texture":"#0"},"east":{"uv":[0,0,5.34375,4.21875],"texture":"#0"},"south":{"uv":[0,0,0,4.21875],"texture":"#0"},"west":{"uv":[0,4.25,5.34375,8.46875],"texture":"#0"},"up":{"uv":[0,5.34375,0,0],"texture":"#0"},"down":{"uv":[0,0,0,5.34375],"texture":"#0"}}},{"from":[7.5,0,-7.9],"to":[9,5,-6.4],"rotation":{"angle":0,"axis":"y","origin":[8.25,9.15,-3.99567]},"faces":{"north":{"uv":[5.625,0,5.8125,0.625],"texture":"#0"},"east":{"uv":[5.625,0.625,5.8125,1.25],"texture":"#0"},"south":{"uv":[5.625,1.25,5.8125,1.875],"texture":"#0"},"west":{"uv":[5.625,1.875,5.8125,2.5],"texture":"#0"},"up":{"uv":[6.3125,2.6875,6.125,2.5],"texture":"#0"},"down":{"uv":[6.3125,2.75,6.125,2.9375],"texture":"#0"}}},{"from":[7.5,17.3,-2.7],"to":[9,21.3,-1.2],"rotation":{"angle":0,"axis":"y","origin":[8.25,9.15,-3.99567]},"faces":{"north":{"uv":[5.625,2.5,5.8125,3],"texture":"#0"},"east":{"uv":[5.625,3,5.8125,3.5],"texture":"#0"},"south":{"uv":[5.625,3.5,5.8125,4],"texture":"#0"},"west":{"uv":[5.625,4,5.8125,4.5],"texture":"#0"},"up":{"uv":[6.3125,3.1875,6.125,3],"texture":"#0"},"down":{"uv":[6.3125,3.25,6.125,3.4375],"texture":"#0"}}},{"from":[7.4,17.72824,-11.7516],"to":[9.1,19.72824,-9.7516],"rotation":{"angle":45,"axis":"x","origin":[8.25,9.15,-3.99567]},"faces":{"north":{"uv":[5.875,2,6.09375,2.25],"texture":"#0"},"east":{"uv":[5.875,1.5,6.125,1.75],"texture":"#0"},"south":{"uv":[5.875,2.25,6.09375,2.5],"texture":"#0"},"west":{"uv":[5.875,1.75,6.125,2],"texture":"#0"},"up":{"uv":[6.09375,2.75,5.875,2.5],"texture":"#0"},"down":{"uv":[6.09375,2.75,5.875,3],"texture":"#0"}}},{"from":[7.2,-1.87176,-10.1516],"to":[9.3,0.12824,-8.1516],"rotation":{"angle":45,"axis":"x","origin":[8.25,-10.45,-2.39567]},"faces":{"north":{"uv":[5.875,2,6.09375,2.25],"texture":"#0"},"east":{"uv":[5.875,1.5,6.125,1.75],"texture":"#0"},"south":{"uv":[5.875,2.25,6.09375,2.5],"texture":"#0"},"west":{"uv":[5.875,1.75,6.125,2],"texture":"#0"},"up":{"uv":[6.09375,2.75,5.875,2.5],"texture":"#0"},"down":{"uv":[6.09375,2.75,5.875,3],"texture":"#0"}}},{"from":[7.6,3.77792,-6.0242],"to":[8.9,17.77792,-4.5242],"rotation":{"angle":22.5,"axis":"x","origin":[8.25,9.15,-3.99567]},"faces":{"north":{"uv":[5.375,3.5,5.53125,5.25],"texture":"#0"},"east":{"uv":[5.375,0,5.5625,1.75],"texture":"#0"},"south":{"uv":[5.375,5.25,5.53125,7],"texture":"#0"},"west":{"uv":[5.375,1.75,5.5625,3.5],"texture":"#0"},"up":{"uv":[6.28125,3.6875,6.125,3.5],"texture":"#0"},"down":{"uv":[6.28125,3.75,6.125,3.9375],"texture":"#0"}}},{"from":[7.3,0.24063,-11.08491],"to":[9.2,2.24063,-9.58491],"rotation":{"angle":-22.5,"axis":"x","origin":[8.25,9.15,-3.99567]},"faces":{"north":{"uv":[5.875,3,6.09375,3.25],"texture":"#0"},"east":{"uv":[5.875,5,6.0625,5.25],"texture":"#0"},"south":{"uv":[5.875,3.25,6.09375,3.5],"texture":"#0"},"west":{"uv":[5.875,5.25,6.0625,5.5],"texture":"#0"},"up":{"uv":[6.34375,1.1875,6.125,1],"texture":"#0"},"down":{"uv":[6.34375,1.25,6.125,1.4375],"texture":"#0"}}},{"from":[7.4,1.64768,-13.87041],"to":[9.1,3.64768,-12.37041],"rotation":{"angle":-45,"axis":"x","origin":[8.25,9.15,-3.99567]},"faces":{"north":{"uv":[5.875,3.5,6.09375,3.75],"texture":"#0"},"east":{"uv":[5.875,5.5,6.0625,5.75],"texture":"#0"},"south":{"uv":[5.875,3.75,6.09375,4],"texture":"#0"},"west":{"uv":[5.875,5.75,6.0625,6],"texture":"#0"},"up":{"uv":[6.34375,1.6875,6.125,1.5],"texture":"#0"},"down":{"uv":[6.34375,1.75,6.125,1.9375],"texture":"#0"}}},{"from":[7.4,-0.50648,-11.71625],"to":[9.1,0.99352,-8.71625],"rotation":{"angle":-45,"axis":"x","origin":[8.25,9.15,-3.99567]},"faces":{"north":{"uv":[6.125,2,6.34375,2.1875],"texture":"#0"},"east":{"uv":[5.875,0,6.25,0.1875],"texture":"#0"},"south":{"uv":[6.125,2.25,6.34375,2.4375],"texture":"#0"},"west":{"uv":[5.875,0.25,6.25,0.4375],"texture":"#0"},"up":{"uv":[5.84375,5.625,5.625,5.25],"texture":"#0"},"down":{"uv":[5.84375,5.625,5.625,6],"texture":"#0"}}},{"from":[7.3,-3.15,-5.65],"to":[9.2,-1.65,-2.65],"rotation":{"angle":0,"axis":"x","origin":[8.25,9.15,-3.99567]},"faces":{"north":{"uv":[5.625,6,5.875,6.1875],"texture":"#0"},"east":{"uv":[5.875,0.5,6.25,0.6875],"texture":"#0"},"south":{"uv":[5.875,6,6.125,6.1875],"texture":"#0"},"west":{"uv":[5.875,0.75,6.25,0.9375],"texture":"#0"},"up":{"uv":[5.875,4.875,5.625,4.5],"texture":"#0"},"down":{"uv":[5.875,4.875,5.625,5.25],"texture":"#0"}}},{"from":[7.3,1.03116,1.61727],"to":[9.2,3.03116,3.11727],"rotation":{"angle":22.5,"axis":"x","origin":[8.25,9.15,-3.99567]},"faces":{"north":{"uv":[5.875,1,6.125,1.25],"texture":"#0"},"east":{"uv":[5.875,4,6.0625,4.25],"texture":"#0"},"south":{"uv":[5.875,1.25,6.125,1.5],"texture":"#0"},"west":{"uv":[5.875,4.25,6.0625,4.5],"texture":"#0"},"up":{"uv":[6.125,4.6875,5.875,4.5],"texture":"#0"},"down":{"uv":[6.125,4.75,5.875,4.9375],"texture":"#0"}}}],"display":{"thirdperson_righthand":{"rotation":[-135.75,0,-180],"translation":[0,14,-5.75]},"thirdperson_lefthand":{"rotation":[-136.5,0,-180],"translation":[0,13,-6.75]},"firstperson_righthand":{"rotation":[0,180,0],"translation":[12.5,-0.75,-21.25]},"firstperson_lefthand":{"rotation":[0,180,0],"translation":[11.75,-0.5,-21]},"ground":{"translation":[0,10.75,0]},"gui":{"rotation":[0,90,0],"translation":[1.5,-2.75,0],"scale":[0.7,0.5,0.5]},"head":{"rotation":[-90,53.5,103.25],"translation":[15,-7.75,8.25],"scale":[1.6,1.6,1.6]},"fixed":{"rotation":[0,90,0],"translation":[7.25,-2.75,-2],"scale":[1.3,1.3,1.3]}}}