{"credit":"Made with Blockbench","texture_size":[256,256],"textures":{"0":"zen_armas:reaper2"},"elements":[{"from":[8.2226,17.14794,5.35332],"to":[8.9531,17.53419,6.85332],"rotation":{"angle":0,"axis":"x","origin":[8.58663,15.17941,5.54238]},"faces":{"north":{"uv":[3.625,8.3125,3.5625,8.375],"rotation":180,"texture":"#0"},"east":{"uv":[1.625,8.1875,1.6875,8.3125],"rotation":270,"texture":"#0"},"south":{"uv":[8.375,3.5625,8.3125,3.5],"texture":"#0"},"west":{"uv":[1.6875,8.1875,1.75,8.3125],"rotation":90,"texture":"#0"},"up":{"uv":[1.5625,8.1875,1.625,8.3125],"rotation":180,"texture":"#0"},"down":{"uv":[8.1875,1.625,8.25,1.75],"texture":"#0"}}},{"from":[7.6601,-10.42581,9.48207],"to":[9.5156,-8.16456,11.36082],"rotation":{"angle":0,"axis":"x","origin":[8.58663,15.17941,5.54238]},"faces":{"north":{"uv":[1.0625,8.1875,1,8.3125],"rotation":180,"texture":"#0"},"east":{"uv":[7.8125,2.8125,7.9375,2.9375],"rotation":270,"texture":"#0"},"south":{"uv":[8.25,1.0625,8.1875,0.9375],"texture":"#0"},"west":{"uv":[3.5625,7.8125,3.6875,7.9375],"rotation":90,"texture":"#0"},"up":{"uv":[0.875,8.1875,0.9375,8.3125],"rotation":180,"texture":"#0"},"down":{"uv":[0.9375,8.1875,1,8.3125],"texture":"#0"}}},{"from":[7.8476,-8.72706,8.54082],"to":[9.3476,-4.59081,10.04457],"rotation":{"angle":0,"axis":"x","origin":[8.58663,15.17941,5.54238]},"faces":{"north":{"uv":[7.3125,3.375,7.625,3.5],"rotation":180,"texture":"#0"},"east":{"uv":[7.3125,3.375,7.625,3.5],"rotation":270,"texture":"#0"},"south":{"uv":[7.3125,3.375,7.625,3.5],"texture":"#0"},"west":{"uv":[7.3125,3.5,7.625,3.625],"rotation":90,"texture":"#0"},"up":{"uv":[7.3125,3.375,7.625,3.5],"rotation":180,"texture":"#0"},"down":{"uv":[7.3125,3.375,7.625,3.5],"texture":"#0"}}},{"from":[7.7476,-5.91456,7.22457],"to":[9.4281,0.09669,9.10332],"rotation":{"angle":0,"axis":"x","origin":[8.58663,15.17941,5.54238]},"faces":{"north":{"uv":[7.125,6.6875,7,7.1875],"rotation":180,"texture":"#0"},"east":{"uv":[6.5625,2.625,7.0625,2.8125],"rotation":270,"texture":"#0"},"south":{"uv":[7.125,6.6875,7,6.1875],"texture":"#0"},"west":{"uv":[6.5625,3.375,7.0625,3.5625],"rotation":90,"texture":"#0"},"up":{"uv":[7.75,0.9375,7.875,1.125],"rotation":180,"texture":"#0"},"down":{"uv":[7.75,1.125,7.875,1.3125],"texture":"#0"}}},{"from":[8.0351,-5.53956,7.59957],"to":[9.1406,19.97169,8.72832],"rotation":{"angle":0,"axis":"x","origin":[8.58663,15.17941,5.54238]},"faces":{"north":{"uv":[2.6875,6.0625,2.625,8.1875],"rotation":180,"texture":"#0"},"east":{"uv":[5.3125,3.6875,7.4375,3.8125],"rotation":270,"texture":"#0"},"south":{"uv":[1.875,8,1.8125,5.875],"texture":"#0"},"west":{"uv":[5.3125,3.8125,7.4375,3.9375],"rotation":90,"texture":"#0"},"up":{"uv":[0.1875,8.1875,0.25,8.3125],"rotation":180,"texture":"#0"},"down":{"uv":[0.625,8.1875,0.6875,8.3125],"texture":"#0"}}},{"from":[8.4851,9.99703,13.82519],"to":[8.6906,11.87578,15.33644],"rotation":{"angle":-22.5,"axis":"x","origin":[8.58663,15.17941,5.54238]},"faces":{"north":{"uv":[5.25,8,5.1875,8.1875],"rotation":180,"texture":"#0"},"east":{"uv":[7.625,7.625,7.8125,7.75],"rotation":270,"texture":"#0"},"south":{"uv":[5.1875,8.1875,5.125,8],"texture":"#0"},"west":{"uv":[7.6875,0,7.875,0.125],"rotation":90,"texture":"#0"},"up":{"uv":[1.1875,8.1875,1.25,8.3125],"rotation":180,"texture":"#0"},"down":{"uv":[1.3125,8.1875,1.375,8.3125],"texture":"#0"}}},{"from":[8.4101,18.35088,11.46168],"to":[8.7656,20.61213,14.84043],"rotation":{"angle":22.5,"axis":"x","origin":[8.58663,15.17941,5.54238]},"faces":{"north":{"uv":[4.75,8,4.6875,8.1875],"rotation":180,"texture":"#0"},"east":{"uv":[7.125,3.375,7.3125,3.6875],"rotation":270,"texture":"#0"},"south":{"uv":[4.6875,8.1875,4.625,8],"texture":"#0"},"west":{"uv":[7.1875,0.375,7.375,0.6875],"rotation":90,"texture":"#0"},"up":{"uv":[7.75,2.625,7.8125,2.9375],"rotation":180,"texture":"#0"},"down":{"uv":[7.75,3.6875,7.8125,4],"texture":"#0"}}},{"from":[8.2226,19.19832,7.20129],"to":[8.9531,21.45957,12.08004],"rotation":{"angle":22.5,"axis":"x","origin":[8.58663,15.17941,5.54238]},"faces":{"north":{"uv":[4.625,8,4.5625,8.1875],"rotation":180,"texture":"#0"},"east":{"uv":[6.6875,6.5,6.875,6.9375],"rotation":270,"texture":"#0"},"south":{"uv":[4.5625,8.1875,4.5,8],"texture":"#0"},"west":{"uv":[6.75,0.375,6.9375,0.8125],"rotation":90,"texture":"#0"},"up":{"uv":[2.9375,7.5625,3,8],"rotation":180,"texture":"#0"},"down":{"uv":[3,7.5625,3.0625,8],"texture":"#0"}}},{"from":[8.4226,20.21642,11.90697],"to":[8.8531,21.35267,13.97322],"rotation":{"angle":0,"axis":"x","origin":[8.58663,15.17941,5.54238]},"faces":{"north":{"uv":[8.25,1.5,8.1875,1.625],"rotation":180,"texture":"#0"},"east":{"uv":[0.0625,7.6875,0.1875,7.875],"rotation":270,"texture":"#0"},"south":{"uv":[1.5625,8.3125,1.5,8.1875],"texture":"#0"},"west":{"uv":[7.6875,0.125,7.8125,0.3125],"rotation":90,"texture":"#0"},"up":{"uv":[5.25,8,5.3125,8.1875],"rotation":180,"texture":"#0"},"down":{"uv":[5.375,8,5.4375,8.1875],"texture":"#0"}}},{"from":[8.3226,16.74838,11.15615],"to":[8.8531,18.44713,13.7849],"rotation":{"angle":-22.5,"axis":"x","origin":[8.58663,15.17941,5.54238]},"faces":{"north":{"uv":[1.5,8.1875,1.4375,8.3125],"rotation":180,"texture":"#0"},"east":{"uv":[5,7.5,5.125,7.75],"rotation":270,"texture":"#0"},"south":{"uv":[1.4375,8.3125,1.375,8.1875],"texture":"#0"},"west":{"uv":[5.125,7.5,5.25,7.75],"rotation":90,"texture":"#0"},"up":{"uv":[3.6875,7.8125,3.75,8.0625],"rotation":180,"texture":"#0"},"down":{"uv":[7.8125,3.6875,7.875,3.9375],"texture":"#0"}}},{"from":[7.8476,12.08544,7.22457],"to":[9.3281,18.09669,9.10332],"rotation":{"angle":0,"axis":"x","origin":[8.58663,15.17941,5.54238]},"faces":{"north":{"uv":[5.375,7,5.25,7.5],"rotation":180,"texture":"#0"},"east":{"uv":[6.0625,3.5,6.5625,3.6875],"rotation":270,"texture":"#0"},"south":{"uv":[5.25,7.5,5.125,7],"texture":"#0"},"west":{"uv":[6.5,0.9375,7,1.125],"rotation":90,"texture":"#0"},"up":{"uv":[7.6875,4.8125,7.8125,5],"rotation":180,"texture":"#0"},"down":{"uv":[7.6875,5,7.8125,5.1875],"texture":"#0"}}},{"from":[9.5156,18.83544,7.59957],"to":[9.8711,19.59669,8.72832],"rotation":{"angle":0,"axis":"x","origin":[8.58663,15.17941,5.54238]},"faces":{"north":{"uv":[3.875,8.3125,3.8125,8.375],"rotation":180,"texture":"#0"},"east":{"uv":[2,8.1875,2.0625,8.3125],"rotation":270,"texture":"#0"},"south":{"uv":[8.375,3.8125,8.3125,3.75],"texture":"#0"},"west":{"uv":[2.125,8.1875,2.1875,8.3125],"rotation":90,"texture":"#0"},"up":{"uv":[1.9375,8.1875,2,8.3125],"rotation":180,"texture":"#0"},"down":{"uv":[2.0625,8.1875,2.125,8.3125],"texture":"#0"}}},{"from":[7.6601,18.08544,6.84957],"to":[9.5156,20.34669,9.47832],"rotation":{"angle":0,"axis":"x","origin":[8.58663,15.17941,5.54238]},"faces":{"north":{"uv":[7.75,7.3125,7.625,7.5],"rotation":180,"texture":"#0"},"east":{"uv":[7.25,3.9375,7.4375,4.1875],"rotation":270,"texture":"#0"},"south":{"uv":[7.0625,7.8125,6.9375,7.625],"texture":"#0"},"west":{"uv":[7.25,4.1875,7.4375,4.4375],"rotation":90,"texture":"#0"},"up":{"uv":[2.375,7.5,2.5,7.75],"rotation":180,"texture":"#0"},"down":{"uv":[4.875,7.5,5,7.75],"texture":"#0"}}},{"from":[8.0351,20.33544,7.59957],"to":[9.1406,22.59669,8.72832],"rotation":{"angle":0,"axis":"x","origin":[8.58663,15.17941,5.54238]},"faces":{"north":{"uv":[4.5,8,4.4375,8.1875],"rotation":180,"texture":"#0"},"east":{"uv":[7.625,6.875,7.8125,7],"rotation":270,"texture":"#0"},"south":{"uv":[4.375,8.1875,4.3125,8],"texture":"#0"},"west":{"uv":[7.625,7.5,7.8125,7.625],"rotation":90,"texture":"#0"},"up":{"uv":[1.0625,8.1875,1.125,8.3125],"rotation":180,"texture":"#0"},"down":{"uv":[1.125,8.1875,1.1875,8.3125],"texture":"#0"}}},{"from":[7.8476,17.52294,5.35332],"to":[9.3281,22.40919,6.89082],"rotation":{"angle":0,"axis":"x","origin":[8.58663,15.17941,5.54238]},"faces":{"north":{"uv":[7.3125,5.5625,7.1875,6],"rotation":180,"texture":"#0"},"east":{"uv":[7.1875,2.3125,7.625,2.4375],"rotation":270,"texture":"#0"},"south":{"uv":[4.375,7.625,4.25,7.1875],"texture":"#0"},"west":{"uv":[7.1875,2.4375,7.625,2.5625],"rotation":90,"texture":"#0"},"up":{"uv":[7.8125,4.8125,7.9375,4.9375],"rotation":180,"texture":"#0"},"down":{"uv":[7.8125,4.9375,7.9375,5.0625],"texture":"#0"}}},{"from":[7.8476,19.77294,3.10332],"to":[9.3281,22.22169,5.35332],"rotation":{"angle":0,"axis":"x","origin":[8.58663,15.17941,5.54238]},"faces":{"north":{"uv":[7.8125,2.0625,7.6875,2.25],"rotation":180,"texture":"#0"},"east":{"uv":[0.0625,7.5,0.25,7.6875],"rotation":270,"texture":"#0"},"south":{"uv":[7.8125,2.0625,7.6875,1.875],"texture":"#0"},"west":{"uv":[0.25,7.5,0.4375,7.6875],"rotation":90,"texture":"#0"},"up":{"uv":[0.25,7.6875,0.375,7.875],"rotation":180,"texture":"#0"},"down":{"uv":[7.6875,0.5625,7.8125,0.75],"texture":"#0"}}},{"from":[7.8476,20.52294,0.10332],"to":[9.3281,22.03419,3.10332],"rotation":{"angle":0,"axis":"x","origin":[8.58663,15.17941,5.54238]},"faces":{"north":{"uv":[7.9375,6.375,7.8125,6.5],"rotation":180,"texture":"#0"},"east":{"uv":[7.5,5.5625,7.625,5.8125],"rotation":270,"texture":"#0"},"south":{"uv":[7.9375,5.1875,7.8125,5.0625],"texture":"#0"},"west":{"uv":[7.5,6.75,7.625,7],"rotation":90,"texture":"#0"},"up":{"uv":[5.25,7.5,5.375,7.75],"rotation":180,"texture":"#0"},"down":{"uv":[7.5,6.5,7.625,6.75],"texture":"#0"}}},{"from":[8.2226,21.83544,-0.64668],"to":[8.9531,22.59669,6.85332],"rotation":{"angle":0,"axis":"x","origin":[8.58663,15.17941,5.54238]},"faces":{"north":{"uv":[3.5625,8.3125,3.5,8.375],"rotation":180,"texture":"#0"},"east":{"uv":[6.875,7.25,6.9375,7.875],"rotation":270,"texture":"#0"},"south":{"uv":[8.375,3.5,8.3125,3.4375],"texture":"#0"},"west":{"uv":[7.3125,4.9375,7.375,5.5625],"rotation":90,"texture":"#0"},"up":{"uv":[5.75,7.25,5.8125,7.875],"rotation":180,"texture":"#0"},"down":{"uv":[3.375,7.3125,3.4375,7.9375],"texture":"#0"}}},{"from":[8.2226,21.83544,-1.39668],"to":[8.9531,22.22169,-0.64668],"rotation":{"angle":0,"axis":"x","origin":[8.58663,15.17941,5.54238]},"faces":{"north":{"uv":[3.8125,8.3125,3.75,8.375],"rotation":180,"texture":"#0"},"east":{"uv":[3.625,8.3125,3.6875,8.375],"rotation":270,"texture":"#0"},"south":{"uv":[8.375,3.75,8.3125,3.6875],"texture":"#0"},"west":{"uv":[3.6875,8.3125,3.75,8.375],"rotation":90,"texture":"#0"},"up":{"uv":[8.3125,3.5625,8.375,3.625],"rotation":180,"texture":"#0"},"down":{"uv":[8.3125,3.625,8.375,3.6875],"texture":"#0"}}},{"from":[8.0351,17.52294,-3.27543],"to":[9.1406,21.84669,6.85332],"rotation":{"angle":0,"axis":"x","origin":[8.58663,15.17941,5.54238]},"faces":{"north":{"uv":[0.25,7.6875,0.1875,8.0625],"rotation":180,"texture":"#0"},"east":{"uv":[1.125,5,1.5,5.875],"rotation":270,"texture":"#0"},"south":{"uv":[7.125,8,7.0625,7.625],"texture":"#0"},"west":{"uv":[1.5,5,1.875,5.875],"rotation":90,"texture":"#0"},"up":{"uv":[7.1875,3.9375,7.25,4.8125],"rotation":180,"texture":"#0"},"down":{"uv":[4.1875,7.1875,4.25,8.0625],"texture":"#0"}}},{"from":[8.2226,20.95235,-7.9315],"to":[8.9531,24.1511,-0.05275],"rotation":{"angle":-22.5,"axis":"x","origin":[8.58663,15.17941,5.54238]},"faces":{"north":{"uv":[4.3125,7.8125,4.25,8.0625],"rotation":180,"texture":"#0"},"east":{"uv":[4.6875,5.8125,4.9375,6.5],"rotation":270,"texture":"#0"},"south":{"uv":[3.8125,8.0625,3.75,7.8125],"texture":"#0"},"west":{"uv":[1.0625,5.875,1.3125,6.5625],"rotation":90,"texture":"#0"},"up":{"uv":[2.5625,7.25,2.625,7.9375],"rotation":180,"texture":"#0"},"down":{"uv":[3.4375,7.25,3.5,7.9375],"texture":"#0"}}},{"from":[8.4101,1.28573,-7.90261],"to":[8.7656,6.16448,-5.45386],"rotation":{"angle":45,"axis":"x","origin":[8.58663,15.17941,5.54238]},"faces":{"north":{"uv":[4.625,7.5625,4.6875,8],"texture":"#0"},"east":{"uv":[0.875,6.75,1.0625,7.1875],"texture":"#0"},"south":{"uv":[4.6875,7.5625,4.75,8],"texture":"#0"},"west":{"uv":[4.1875,6.75,4.375,7.1875],"texture":"#0"},"up":{"uv":[5.5,8.1875,5.4375,8],"texture":"#0"},"down":{"uv":[5.5625,8,5.5,8.1875],"texture":"#0"}}},{"from":[8.4851,6.12089,-12.19605],"to":[8.6906,7.4885,-10.95684],"rotation":{"angle":22.5,"axis":"x","origin":[8.58663,15.17941,5.54238]},"faces":{"north":{"uv":[1.9375,8.1875,1.875,8.3125],"rotation":180,"texture":"#0"},"east":{"uv":[7.8125,6.5,7.9375,6.625],"rotation":270,"texture":"#0"},"south":{"uv":[1.875,8.3125,1.8125,8.1875],"texture":"#0"},"west":{"uv":[7.8125,6.625,7.9375,6.75],"rotation":90,"texture":"#0"},"up":{"uv":[1.75,8.1875,1.8125,8.3125],"rotation":180,"texture":"#0"},"down":{"uv":[8.1875,1.75,8.25,1.875],"texture":"#0"}}},{"from":[7.2656,18.83544,7.59957],"to":[7.6211,19.59669,8.72832],"rotation":{"angle":0,"axis":"x","origin":[8.58663,15.17941,5.54238]},"faces":{"north":{"uv":[3.9375,8.3125,3.875,8.375],"rotation":180,"texture":"#0"},"east":{"uv":[2.25,8.1875,2.3125,8.3125],"rotation":270,"texture":"#0"},"south":{"uv":[8.375,3.875,8.3125,3.8125],"texture":"#0"},"west":{"uv":[8.1875,2.375,8.25,2.5],"rotation":90,"texture":"#0"},"up":{"uv":[2.1875,8.1875,2.25,8.3125],"rotation":180,"texture":"#0"},"down":{"uv":[2.3125,8.1875,2.375,8.3125],"texture":"#0"}}}],"display":{"thirdperson_righthand":{"translation":[-1,4.25,1.25],"scale":[0.54,1.1,0.86]},"thirdperson_lefthand":{"translation":[-1,3.75,1.25],"scale":[0.54,1.1,0.86]},"firstperson_righthand":{"rotation":[3.25,0,-5.25],"translation":[0,4,0.5],"scale":[0.66992,0.74,0.66992]},"firstperson_lefthand":{"rotation":[3.25,0,-5.25],"translation":[0,3.75,0.5],"scale":[0.66992,0.74,0.66992]},"ground":{"rotation":[56.25,0,0],"translation":[0,10.25,-0.25],"scale":[0.5,1.31,1.27]},"gui":{"rotation":[44.5,47.5,-70.25],"scale":[0.49219,0.49219,0.49219]},"head":{"rotation":[79.49,-55.85,77.41],"translation":[-3.75,-10.25,7],"scale":[1,1.4,1.38]},"fixed":{"rotation":[0,-90,0],"translation":[-3,0,-1.75],"scale":[0.69,0.69,0.69]}}}