{"credit":"Made with Blockbench","texture_size":[32,32],"textures":{"0":"zen_armas:halloween/katanita","particle":"zen_armas:halloween/katanita"},"elements":[{"from":[8.3,-3,7],"to":[9.7,3,9],"rotation":{"angle":0,"axis":"y","origin":[8,0,7]},"faces":{"north":{"uv":[6,4,6.75,7],"texture":"#0"},"east":{"uv":[5,0,6,3],"texture":"#0"},"south":{"uv":[5,6,5.75,9],"texture":"#0"},"west":{"uv":[5,3,6,6],"texture":"#0"},"up":{"uv":[7.75,5,7,4],"texture":"#0"},"down":{"uv":[7.75,5,7,6],"texture":"#0"}}},{"from":[8.2,-4,6.9],"to":[9.8,-3,9.1],"rotation":{"angle":0,"axis":"y","origin":[8,-1,7]},"faces":{"north":{"uv":[7.5,1.5,8.25,2],"texture":"#0"},"east":{"uv":[7.5,0.5,8.5,1],"texture":"#0"},"south":{"uv":[2,7.5,2.75,8],"texture":"#0"},"west":{"uv":[7.5,1,8.5,1.5],"texture":"#0"},"up":{"uv":[6.75,8,6,7],"texture":"#0"},"down":{"uv":[7.75,6,7,7],"texture":"#0"}}},{"from":[9,4,5.1],"to":[9,18,10.1],"rotation":{"angle":0,"axis":"y","origin":[7.8,7,8.1]},"faces":{"north":{"uv":[0,0,0,7],"texture":"#0"},"east":{"uv":[0,0,2.5,7],"texture":"#0"},"south":{"uv":[0,0,0,7],"texture":"#0"},"west":{"uv":[2.5,0,5,7],"texture":"#0"},"up":{"uv":[0,2.5,0,0],"texture":"#0"},"down":{"uv":[0,0,0,2.5],"texture":"#0"}}},{"from":[7.4,3.5,6],"to":[10.6,3.5,10],"rotation":{"angle":0,"axis":"y","origin":[8,1.5,7]},"faces":{"north":{"uv":[0,0,1.5,0],"texture":"#0"},"east":{"uv":[0,0,2,0],"texture":"#0"},"south":{"uv":[0,0,1.5,0],"texture":"#0"},"west":{"uv":[0,0,2,0],"texture":"#0"},"up":{"uv":[7.5,2,6,0],"texture":"#0"},"down":{"uv":[7.5,2,6,4],"texture":"#0"}}},{"from":[8,3,6.5],"to":[10,4,9.5],"rotation":{"angle":0,"axis":"y","origin":[8,2,7]},"faces":{"north":{"uv":[7,7,8,7.5],"texture":"#0"},"east":{"uv":[2,7,3.5,7.5],"texture":"#0"},"south":{"uv":[7.5,0,8.5,0.5],"texture":"#0"},"west":{"uv":[3.5,7,5,7.5],"texture":"#0"},"up":{"uv":[1,8.5,0,7],"texture":"#0"},"down":{"uv":[2,7,1,8.5],"texture":"#0"}}}],"display":{"thirdperson_righthand":{"translation":[-0.75,4.5,1.25],"scale":[0.8,0.8,0.8]},"thirdperson_lefthand":{"translation":[0.75,4.5,1],"scale":[0.8,0.8,0.8]},"firstperson_righthand":{"translation":[1.75,6,0]},"firstperson_lefthand":{"translation":[3.5,6,0]},"ground":{"translation":[0,9,0]},"gui":{"rotation":[90,45,-90],"translation":[1.5,1.5,0]},"fixed":{"translation":[0,0,-2.75]}}}