{"credit":"Made with Blockbench","texture_size":[32,32],"textures":{"0":"zen_armas:halloween/pala","particle":"zen_armas:halloween/pala"},"elements":[{"from":[7.6,-9,8.6],"to":[8.6,19,9.6],"rotation":{"angle":0,"axis":"y","origin":[6.6,0,8.6]},"faces":{"north":{"uv":[5,0,5.5,14],"texture":"#0"},"east":{"uv":[5.5,0,6,14],"texture":"#0"},"south":{"uv":[6,0,6.5,14],"texture":"#0"},"west":{"uv":[6.5,0,7,14],"texture":"#0"},"up":{"uv":[8.5,3.5,8,3],"texture":"#0"},"down":{"uv":[9,3,8.5,3.5],"texture":"#0"}}},{"from":[7.4,-9.3,8.4],"to":[8.8,-7.3,9.8],"rotation":{"angle":0,"axis":"y","origin":[7.1,-9.3,8.1]},"faces":{"north":{"uv":[4,7,4.75,8],"texture":"#0"},"east":{"uv":[7,6.5,7.75,7.5],"texture":"#0"},"south":{"uv":[7,7.5,7.75,8.5],"texture":"#0"},"west":{"uv":[8,0,8.75,1],"texture":"#0"},"up":{"uv":[4.75,8.75,4,8],"texture":"#0"},"down":{"uv":[8.75,6.5,8,7.25],"texture":"#0"}}},{"from":[7.4,17.7,8.4],"to":[8.8,24.3,9.8],"rotation":{"angle":0,"axis":"y","origin":[7.1,17.7,8.1]},"faces":{"north":{"uv":[0,7,0.75,10.25],"texture":"#0"},"east":{"uv":[7,0,7.75,3.25],"texture":"#0"},"south":{"uv":[1,7,1.75,10.25],"texture":"#0"},"west":{"uv":[2,7,2.75,10.25],"texture":"#0"},"up":{"uv":[8.75,8.25,8,7.5],"texture":"#0"},"down":{"uv":[7.75,8.5,7,9.25],"texture":"#0"}}},{"from":[3.4,21.7,9],"to":[12.8,28.7,9.2],"rotation":{"angle":0,"axis":"y","origin":[7.1,21.7,8.1]},"faces":{"north":{"uv":[0,0,4.75,3.5],"texture":"#0"},"east":{"uv":[3,7,3.25,10.5],"texture":"#0"},"south":{"uv":[0,3.5,4.75,7],"texture":"#0"},"west":{"uv":[3.5,7,3.75,10.5],"texture":"#0"},"up":{"uv":[11.75,4.75,7,4.5],"texture":"#0"},"down":{"uv":[11.75,5,7,5.25],"texture":"#0"}}},{"from":[4.2,28.7,9],"to":[12,29.7,9.2],"rotation":{"angle":0,"axis":"y","origin":[7.1,22.7,8.1]},"faces":{"north":{"uv":[7,3.5,11,4],"texture":"#0"},"east":{"uv":[8,8.5,8.25,9],"texture":"#0"},"south":{"uv":[7,4,11,4.5],"texture":"#0"},"west":{"uv":[8.5,8.5,8.75,9],"texture":"#0"},"up":{"uv":[11,5.75,7,5.5],"texture":"#0"},"down":{"uv":[11,6,7,6.25],"texture":"#0"}}},{"from":[5,29.7,9],"to":[11.2,30.1,9.2],"rotation":{"angle":0,"axis":"y","origin":[7.1,23.7,8.1]},"faces":{"north":{"uv":[8,1,11,1.25],"texture":"#0"},"east":{"uv":[9,0,9.25,0.25],"texture":"#0"},"south":{"uv":[8,1.5,11,1.75],"texture":"#0"},"west":{"uv":[9,0.5,9.25,0.75],"texture":"#0"},"up":{"uv":[11,2.25,8,2],"texture":"#0"},"down":{"uv":[11,2.5,8,2.75],"texture":"#0"}}}],"display":{"thirdperson_righthand":{"rotation":[0,-90,0],"translation":[1,0,0.75]},"thirdperson_lefthand":{"rotation":[0,90,0],"translation":[-1,1.75,0.75]},"firstperson_righthand":{"rotation":[0,-80,0],"translation":[2.5,-4.5,-2.25]},"firstperson_lefthand":{"rotation":[0,-80,0],"translation":[2.75,-4.5,-2.25]},"ground":{"translation":[0,14.5,0]},"gui":{"rotation":[0,0,-45],"translation":[-1.25,-1,0],"scale":[0.5,0.5,0.5]},"head":{"rotation":[13.25,0,-31],"translation":[1.25,-16,6],"scale":[1.4,1.4,1.4]},"fixed":{"translation":[0,0,-3.25]}}}