{"credit":"MadewithBlockbench","texture_size":[128,128],"textures":{"1":"funkos:logo-zencraft/texture","12":"funkos:funkos_anime/majinbuu_funko","particle":"funkos:logo-zencraft/texture"},"elements":[{"name":"logoDragonBall","from":[7.15,11,-3.9],"to":[7.15,17.2,4],"rotation":{"angle":0,"axis":"x","origin":[7.1,5.1,0]},"faces":{"north":{"uv":[0,0,0,0.78125],"texture":"#12"},"east":{"uv":[6.625,5,7.60938,5.78125],"texture":"#12"},"south":{"uv":[0,0,0,0.78125],"texture":"#12"},"west":{"uv":[6.625,5.875,7.60938,6.65625],"texture":"#12"},"up":{"uv":[0,0.98438,0,0],"texture":"#12"},"down":{"uv":[0,0,0,0.98438],"texture":"#12"}}},{"from":[-6,20.125,-2.9],"to":[5,20.125,3.1],"rotation":{"angle":0,"axis":"y","origin":[-0.5,20.125,0.1]},"faces":{"north":{"uv":[0,0,1.375,0],"texture":"#12"},"east":{"uv":[0,0,0.75,0],"texture":"#12"},"south":{"uv":[0,0,1.375,0],"texture":"#12"},"west":{"uv":[0,0,0.75,0],"texture":"#12"},"up":{"uv":[5.125,2.25,3.75,1.5],"texture":"#12"},"down":{"uv":[6.25,2.25,4.875,3],"texture":"#12"}}},{"from":[3.2,0,-6.025],"to":[4.5,5.8,-6.025],"faces":{"north":{"uv":[0.5,8,0.65625,8.71875],"texture":"#12"},"east":{"uv":[0,0,0,0.71875],"texture":"#12"},"south":{"uv":[0.75,8,0.90625,8.71875],"texture":"#12"},"west":{"uv":[0,0,0,0.71875],"texture":"#12"},"up":{"uv":[0.15625,0,0,0],"texture":"#12"},"down":{"uv":[0.15625,0,0,0],"texture":"#12"}}},{"from":[4.5,0,-6.025],"to":[7.1,6,-6.025],"faces":{"north":{"uv":[5.125,1.5,5.45313,2.25],"texture":"#12"},"east":{"uv":[0,0,0,0.75],"texture":"#12"},"south":{"uv":[7.625,0,7.95313,0.75],"texture":"#12"},"west":{"uv":[0,0,0,0.75],"texture":"#12"},"up":{"uv":[0.32813,0,0,0],"texture":"#12"},"down":{"uv":[0.32813,0,0,0],"texture":"#12"}}},{"from":[3.45,5.8,-6.1],"to":[7.1,8.05,-6.1],"faces":{"north":{"uv":[2.25,5,2.70313,5.28125],"texture":"#12"},"east":{"uv":[0,0,0,0.28125],"texture":"#12"},"south":{"uv":[7.125,7.75,7.57813,8.03125],"texture":"#12"},"west":{"uv":[0,0,0,0.28125],"texture":"#12"},"up":{"uv":[0.45313,0,0,0],"texture":"#12"},"down":{"uv":[0.45313,0,0,0],"texture":"#12"}}},{"from":[3,6,-6.025],"to":[7.1,13,-6.025],"faces":{"north":{"uv":[5.625,6.375,6.14063,7.25],"texture":"#12"},"east":{"uv":[0,0,0,0.875],"texture":"#12"},"south":{"uv":[5.625,7.25,6.14063,8.125],"texture":"#12"},"west":{"uv":[0,0,0,0.875],"texture":"#12"},"up":{"uv":[0.51563,0,0,0],"texture":"#12"},"down":{"uv":[0.51563,0,0,0],"texture":"#12"}}},{"name":"Front","from":[2,0,-6],"to":[7,13,-5],"rotation":{"angle":0,"axis":"y","origin":[-1,0,0]},"faces":{"north":{"uv":[0,5,0.625,6.625],"texture":"#12"},"east":{"uv":[6.875,7.75,7,9.375],"texture":"#12"},"south":{"uv":[0.625,5,1.25,6.625],"texture":"#12"},"west":{"uv":[7,7.75,7.125,9.375],"texture":"#12"},"up":{"uv":[6.125,2.125,5.5,2],"texture":"#12"},"down":{"uv":[6.125,2.125,5.5,2.25],"texture":"#12"}}},{"name":"Front","from":[-7.975,16,-6],"to":[3.025,20,-5],"rotation":{"angle":0,"axis":"y","origin":[-1,0,0]},"faces":{"north":{"uv":[6.625,6.75,8,7.25],"texture":"#12"},"east":{"uv":[5.5,1.5,5.625,2],"texture":"#12"},"south":{"uv":[6.875,3,8.25,3.5],"texture":"#12"},"west":{"uv":[2,8,2.125,8.5],"texture":"#12"},"up":{"uv":[9,6.5,7.625,6.375],"texture":"#12"},"down":{"uv":[9,6.5,7.625,6.625],"texture":"#12"}}},{"name":"Front","from":[-8,0,-6],"to":[3,4,-5],"rotation":{"angle":0,"axis":"y","origin":[-1,0,0]},"faces":{"north":{"uv":[6.875,3.5,8.25,4],"texture":"#12"},"east":{"uv":[2.125,8,2.25,8.5],"texture":"#12"},"south":{"uv":[7.25,2,8.625,2.5],"texture":"#12"},"west":{"uv":[2.25,8,2.375,8.5],"texture":"#12"},"up":{"uv":[9,6.75,7.625,6.625],"texture":"#12"},"down":{"uv":[1.625,7.875,0.25,8],"texture":"#12"}}},{"name":"Front","from":[3,13,-6],"to":[7.025,20.025,-5],"rotation":{"angle":0,"axis":"y","origin":[-1,0,0]},"faces":{"north":{"uv":[3.625,7.5,4.125,8.375],"texture":"#12"},"east":{"uv":[1,8,1.125,8.875],"texture":"#12"},"south":{"uv":[7.5,4,8,4.875],"texture":"#12"},"west":{"uv":[1.125,8,1.25,8.875],"texture":"#12"},"up":{"uv":[2.875,8.125,2.375,8],"texture":"#12"},"down":{"uv":[8.5,4,8,4.125],"texture":"#12"}}},{"name":"Left","from":[6,0.025,-5.975],"to":[7.1,20.025,6],"rotation":{"angle":0,"axis":"y","origin":[-1,0,0]},"faces":{"north":{"uv":[3,7.5,3.14063,10],"texture":"#12"},"east":{"uv":[0,2.5,1.5,5],"texture":"#12"},"south":{"uv":[5.125,7.5,5.26563,10],"texture":"#12"},"west":{"uv":[1.5,2.5,3,5],"texture":"#12"},"up":{"uv":[7.76563,8.75,7.625,7.25],"texture":"#12"},"down":{"uv":[6.76563,7.75,6.625,9.25],"texture":"#12"}}},{"name":"Back","from":[-8,0,5],"to":[7.025,20,6.05],"rotation":{"angle":0,"axis":"y","origin":[-1,0,0]},"faces":{"north":{"uv":[0,0,1.875,2.5],"texture":"#12"},"east":{"uv":[5.375,7.5,5.5,10],"texture":"#12"},"south":{"uv":[1.875,0,3.75,2.5],"texture":"#12"},"west":{"uv":[5.5,7.5,5.625,10],"texture":"#12"},"up":{"uv":[9.375,5,7.5,4.875],"texture":"#12"},"down":{"uv":[9.5,0.75,7.625,0.875],"texture":"#12"}}},{"name":"Right","from":[-8,0,2],"to":[-7,20,5],"rotation":{"angle":0,"axis":"y","origin":[-1,0,0]},"faces":{"north":{"uv":[0,7.625,0.125,10.125],"texture":"#12"},"east":{"uv":[6.25,5.375,6.625,7.875],"texture":"#12"},"south":{"uv":[0.125,7.625,0.25,10.125],"texture":"#12"},"west":{"uv":[3.25,6.375,3.625,8.875],"texture":"#12"},"up":{"uv":[6.625,5.375,6.5,5],"texture":"#12"},"down":{"uv":[8.25,5,8.125,5.375],"texture":"#12"}}},{"name":"Right","from":[-8.025,-0.025,-6],"to":[-7,3.975,2],"rotation":{"angle":0,"axis":"y","origin":[-1,0,0]},"faces":{"north":{"uv":[2.875,8,3,8.5],"texture":"#12"},"east":{"uv":[1,7.125,2,7.625],"texture":"#12"},"south":{"uv":[8,4.125,8.125,4.625],"texture":"#12"},"west":{"uv":[7.25,2.5,8.25,3],"texture":"#12"},"up":{"uv":[1.75,8.875,1.625,7.875],"texture":"#12"},"down":{"uv":[1.875,7.875,1.75,8.875],"texture":"#12"}}},{"name":"Right","from":[-8,16,-5.95],"to":[-7,20,2],"rotation":{"angle":0,"axis":"y","origin":[-1,0,0]},"faces":{"north":{"uv":[8,6.75,8.125,7.25],"texture":"#12"},"east":{"uv":[6.625,7.25,7.625,7.75],"texture":"#12"},"south":{"uv":[8.125,1.125,8.25,1.625],"texture":"#12"},"west":{"uv":[2,7.5,3,8],"texture":"#12"},"up":{"uv":[2,8.875,1.875,7.875],"texture":"#12"},"down":{"uv":[6.375,7.875,6.25,8.875],"texture":"#12"}}},{"name":"Botton","from":[-7.875,0,-5.925],"to":[7.075,0.175,6],"rotation":{"angle":0,"axis":"y","origin":[-1,0,0]},"faces":{"north":{"uv":[8.125,6.75,10,6.76563],"texture":"#12"},"east":{"uv":[8.125,7.125,9.60938,7.14063],"texture":"#12"},"south":{"uv":[8.125,6.875,10,6.89063],"texture":"#12"},"west":{"uv":[8.125,7.25,9.60938,7.26563],"texture":"#12"},"up":{"uv":[4.875,3.98438,3,2.5],"texture":"#12"},"down":{"uv":[5.625,0,3.75,1.48438],"texture":"#12"}}},{"name":"Top","from":[-7.1,19,-5.025],"to":[5.975,20.1,5.225],"rotation":{"angle":0,"axis":"y","origin":[-1,0,0]},"faces":{"north":{"uv":[0.25,7.625,1.89063,7.76563],"texture":"#12"},"east":{"uv":[7.625,5.875,8.90625,6.01563],"texture":"#12"},"south":{"uv":[7.625,0.875,9.26563,1.01563],"texture":"#12"},"west":{"uv":[7.625,6.125,8.90625,6.26563],"texture":"#12"},"up":{"uv":[4.64063,5.28125,3,4],"texture":"#12"},"down":{"uv":[6.39063,4,4.75,5.28125],"texture":"#12"}}},{"name":"Body","from":[-4.025,1,-1],"to":[-0.025,8,1],"rotation":{"angle":0,"axis":"y","origin":[7.975,8.3125,-0.75]},"faces":{"north":{"uv":[4.125,7.5,4.625,8.375],"texture":"#12"},"east":{"uv":[7.625,1.125,7.875,2],"texture":"#12"},"south":{"uv":[4.625,7.5,5.125,8.375],"texture":"#12"},"west":{"uv":[7.625,5,7.875,5.875],"texture":"#12"},"up":{"uv":[4.25,2.5,3.75,2.25],"texture":"#12"},"down":{"uv":[4.75,2.25,4.25,2.5],"texture":"#12"}}},{"name":"Left-Hand","from":[-0.025,4,-1],"to":[1.975,8,1],"rotation":{"angle":0,"axis":"y","origin":[7.975,8.3125,-0.75]},"faces":{"north":{"uv":[1,6.625,1.25,7.125],"texture":"#12"},"east":{"uv":[7.875,1.125,8.125,1.625],"texture":"#12"},"south":{"uv":[7.875,5,8.125,5.5],"texture":"#12"},"west":{"uv":[6.375,7.875,6.625,8.375],"texture":"#12"},"up":{"uv":[3,5.25,2.75,5],"texture":"#12"},"down":{"uv":[2.25,7.125,2,7.375],"texture":"#12"}}},{"name":"Right-Hand","from":[-6.025,4,-1],"to":[-4.025,8,1],"rotation":{"angle":0,"axis":"y","origin":[7.975,8.3125,-0.75]},"faces":{"north":{"uv":[7.875,7.25,8.125,7.75],"texture":"#12"},"east":{"uv":[7.875,7.75,8.125,8.25],"texture":"#12"},"south":{"uv":[8,0,8.25,0.5],"texture":"#12"},"west":{"uv":[0.25,8,0.5,8.5],"texture":"#12"},"up":{"uv":[8.25,4.875,8,4.625],"texture":"#12"},"down":{"uv":[2.625,8.125,2.375,8.375],"texture":"#12"}}},{"name":"Head","from":[-6.025,8,-4],"to":[1.975,16,4],"rotation":{"angle":0,"axis":"y","origin":[7.975,8.3125,-0.75]},"faces":{"north":{"uv":[4.875,3,5.875,4],"texture":"#12"},"east":{"uv":[3.25,5.375,4.25,6.375],"texture":"#12"},"south":{"uv":[4.25,5.375,5.25,6.375],"texture":"#12"},"west":{"uv":[5.25,5.375,6.25,6.375],"texture":"#12"},"up":{"uv":[6.625,1,5.625,0],"texture":"#12"},"down":{"uv":[6.625,1,5.625,2],"texture":"#12"}}},{"name":"cabezachiquita","from":[-5.75,8,-3.975],"to":[1.6,16.075,3.975],"rotation":{"angle":0,"axis":"y","origin":[7.975,8.3125,-0.75]},"faces":{"north":{"uv":[3.625,6.375,4.54688,7.39063],"texture":"#12"},"east":{"uv":[1.25,5,2.25,6.01563],"texture":"#12"},"south":{"uv":[4.625,6.375,5.54688,7.39063],"texture":"#12"},"west":{"uv":[2.25,5.375,3.25,6.39063],"texture":"#12"},"up":{"uv":[7.17188,3,6.25,2],"texture":"#12"},"down":{"uv":[3.17188,6.5,2.25,7.5],"texture":"#12"}}},{"name":"HatLayer","from":[-6.525,8,-4.25],"to":[2.475,16.25,4.5],"rotation":{"angle":0,"axis":"y","origin":[7.975,8.3125,-0.75]},"faces":{"north":{"uv":[6.5,4,7.5,4.90625],"texture":"#12"},"east":{"uv":[6.625,0,7.59375,0.90625],"texture":"#12"},"south":{"uv":[0,6.625,1,7.53125],"texture":"#12"},"west":{"uv":[6.625,1,7.59375,1.90625],"texture":"#12"},"up":{"uv":[6.875,3.96875,5.875,3],"texture":"#12"},"down":{"uv":[2.25,6.125,1.25,7.09375],"texture":"#12"}}},{"from":[-3.525,4,-1.5],"to":[-0.525,6.25,-1],"rotation":{"angle":0,"axis":"y","origin":[7.975,8.3125,-0.75]},"faces":{"north":{"uv":[7.875,1.625,8.25,1.90625],"texture":"#12"},"east":{"uv":[6.125,8.125,6.1875,8.40625],"texture":"#12"},"south":{"uv":[7.875,5.5,8.25,5.78125],"texture":"#12"},"west":{"uv":[8.125,7.375,8.1875,7.65625],"texture":"#12"},"up":{"uv":[8.5,7.0625,8.125,7],"texture":"#12"},"down":{"uv":[7.5,8.125,7.125,8.1875],"texture":"#12"}}},{"from":[-3.275,4.25,-1.75],"to":[-0.775,6,-1.5],"rotation":{"angle":0,"axis":"y","origin":[7.975,8.3125,-0.75]},"faces":{"north":{"uv":[8,0.5,8.3125,0.71875],"texture":"#12"},"east":{"uv":[4.75,2.25,4.78125,2.46875],"texture":"#12"},"south":{"uv":[1.25,8,1.5625,8.21875],"texture":"#12"},"west":{"uv":[6.125,2,6.15625,2.21875],"texture":"#12"},"up":{"uv":[8.5625,0.40625,8.25,0.375],"texture":"#12"},"down":{"uv":[8.5625,1.125,8.25,1.15625],"texture":"#12"}}},{"from":[-3.525,6.25,-1.25],"to":[-0.525,7,-1],"rotation":{"angle":0,"axis":"y","origin":[7.975,8.3125,-0.75]},"faces":{"north":{"uv":[8.125,4.5,8.5,4.59375],"texture":"#12"},"east":{"uv":[8.25,1.875,8.28125,1.96875],"texture":"#12"},"south":{"uv":[8.125,5.375,8.5,5.46875],"texture":"#12"},"west":{"uv":[8.25,2.5,8.28125,2.59375],"texture":"#12"},"up":{"uv":[8.625,0.15625,8.25,0.125],"texture":"#12"},"down":{"uv":[8.625,0.25,8.25,0.28125],"texture":"#12"}}},{"from":[5.725,1.75,-6.75],"to":[7.1,3.5,-6.5],"rotation":{"angle":0,"axis":"y","origin":[7.975,8.3125,-0.75]},"faces":{"north":{"uv":[5.625,8.125,5.79688,8.34375],"texture":"#12"},"east":{"uv":[1.25,8.25,1.28125,8.46875],"texture":"#12"},"south":{"uv":[5.875,8.125,6.04688,8.34375],"texture":"#12"},"west":{"uv":[8.25,1.25,8.28125,1.46875],"texture":"#12"},"up":{"uv":[8.42188,1.65625,8.25,1.625],"texture":"#12"},"down":{"uv":[8.42188,1.75,8.25,1.78125],"texture":"#12"}}},{"from":[5.475,1.5,-6.5],"to":[7.1,3.75,-6],"rotation":{"angle":0,"axis":"y","origin":[7.975,8.3125,-0.75]},"faces":{"north":{"uv":[2.625,8.125,2.82813,8.40625],"texture":"#12"},"east":{"uv":[7.5,8.125,7.5625,8.40625],"texture":"#12"},"south":{"uv":[8.125,4.125,8.32813,4.40625],"texture":"#12"},"west":{"uv":[8.125,7.75,8.1875,8.03125],"texture":"#12"},"up":{"uv":[8.32813,8.1875,8.125,8.125],"texture":"#12"},"down":{"uv":[8.45313,0,8.25,0.0625],"texture":"#12"}}},{"from":[5.475,3.75,-6.25],"to":[7.1,4.5,-6],"rotation":{"angle":0,"axis":"y","origin":[7.975,8.3125,-0.75]},"faces":{"north":{"uv":[2.75,5.25,2.95313,5.34375],"texture":"#12"},"east":{"uv":[8.25,2.625,8.28125,2.71875],"texture":"#12"},"south":{"uv":[2,7.375,2.20313,7.46875],"texture":"#12"},"west":{"uv":[8.25,2.75,8.28125,2.84375],"texture":"#12"},"up":{"uv":[1.57813,8.28125,1.375,8.25],"texture":"#12"},"down":{"uv":[8.45313,1.5,8.25,1.53125],"texture":"#12"}}},{"from":[7.2,3,-4],"to":[7.2,11,4],"faces":{"north":{"uv":[0,0,0,1],"texture":"#1"},"east":{"uv":[0,0,7.9375,8.125],"texture":"#1"},"south":{"uv":[0,0,0,1],"texture":"#1"},"west":{"uv":[0,0,1,1],"texture":"#1"},"up":{"uv":[0,0,0,1],"texture":"#1"},"down":{"uv":[0,0,0,1],"texture":"#1"}}}],"display":{"thirdperson_righthand":{"translation":[5.75,0,1],"scale":[0.61,0.61,0.61]},"thirdperson_lefthand":{"translation":[-5.25,0,1.5],"scale":[0.61,0.61,0.61]},"firstperson_righthand":{"translation":[8.5,0,0],"scale":[0.61,0.61,0.61]},"firstperson_lefthand":{"translation":[-2,0,0],"scale":[0.61,0.61,0.61]},"ground":{"translation":[4.75,5.25,5.75],"scale":[0.71,0.71,0.71]},"gui":{"rotation":[180,23,180],"translation":[-4.25,-1.5,0],"scale":[0.79,0.79,0.79]},"head":{"rotation":[0,180,0],"translation":[-8.25,-35.25,-8]},"fixed":{"rotation":[-90,0,0],"translation":[15.25,16,-14.75],"scale":[1.75,1.75,1.75]}}}