{"credit":"Made with Blockbench","textures":{"1":"gamingroom_pack:naniii/gamer_toilet_paper","particle":"gamingroom_pack:naniii/gamer_toilet_paper"},"elements":[{"from":[8.1,1.8,6],"to":[8.1,3.8,9],"rotation":{"angle":22.5,"axis":"z","origin":[8.5,3,7.5]},"faces":{"north":{"uv":[8,9,8,11],"texture":"#1"},"east":{"uv":[8,0,11,2],"texture":"#1"},"south":{"uv":[9,9,9,11],"texture":"#1"},"west":{"uv":[8,3,11,5],"texture":"#1"},"up":{"uv":[10,12,10,9],"texture":"#1"},"down":{"uv":[11,9,11,12],"texture":"#1"}}},{"from":[7,0,5],"to":[10,2,10],"faces":{"north":{"uv":[0,9,3,11],"texture":"#1"},"east":{"uv":[0,6,5,8],"texture":"#1"},"south":{"uv":[4,9,7,11],"texture":"#1"},"west":{"uv":[6,6,11,8],"texture":"#1"},"up":{"uv":[3,5,0,0],"texture":"#1"},"down":{"uv":[7,0,4,5],"texture":"#1"}}}],"display":{"thirdperson_righthand":{"rotation":[0,-93,0],"translation":[-0.75,4.75,-1.75]},"thirdperson_lefthand":{"rotation":[0,141,0],"translation":[0.25,5.25,-1.75]},"firstperson_righthand":{"translation":[0,7,0]},"firstperson_lefthand":{"translation":[2.25,7.75,1.75]},"ground":{"translation":[0,7.25,0]},"gui":{"rotation":[51.29,-25.04,27.82],"translation":[-11,13.25,0],"scale":[2.98242,2.98242,2.98242]},"head":{"translation":[0,-23.25,1.25],"scale":[2.50195,2.50195,2.50195]},"fixed":{"rotation":[-90,0,0],"translation":[0,0,-15.75],"scale":[2,2,2]}}}