{"credit":"Made with Blockbench","texture_size":[128,128],"textures":{"0":"gamingroom_pack:naniii/armchair","particle":"gamingroom_pack:naniii/armchair"},"elements":[{"name":"haupt","from":[-12,1,2],"to":[28,10.75,14.5],"rotation":{"angle":0,"axis":"y","origin":[11,18,11]},"faces":{"north":{"uv":[5.129,5.254,6.621,6.46875],"texture":"#0"},"south":{"uv":[5.379,0.004,6.871,1.21875],"texture":"#0"},"up":{"uv":[5.746,5.0625,4.254,3.504],"texture":"#0"},"down":{"uv":[1.496,5.129,0.004,6.6875],"texture":"#0"}}},{"from":[-16,1,0],"to":[-12,14,16],"faces":{"north":{"uv":[4.754,6.629,5.246,8.246],"texture":"#0","cullface":"north"},"east":{"uv":[3.254,0.004,5.246,1.621],"texture":"#0"},"south":{"uv":[5.246,6.629,4.754,8.246],"texture":"#0","cullface":"south"},"west":{"uv":[3.254,1.754,5.246,3.371],"texture":"#0","cullface":"west"},"up":{"uv":[2.121,8.621,1.629,6.629],"texture":"#0"},"down":{"uv":[2.746,6.629,2.254,8.621],"texture":"#0"}}},{"from":[28,1,0],"to":[32,14,16],"faces":{"north":{"uv":[6.004,6.629,6.496,8.246],"texture":"#0","cullface":"north"},"east":{"uv":[0.004,3.379,1.996,4.996],"texture":"#0","cullface":"east"},"south":{"uv":[6.004,6.629,6.496,8.246],"texture":"#0","cullface":"south"},"west":{"uv":[2.129,3.504,4.121,5.121],"texture":"#0"},"up":{"uv":[3.371,8.621,2.879,6.629],"texture":"#0"},"down":{"uv":[3.996,6.629,3.504,8.621],"texture":"#0"}}},{"from":[-12,1,0],"to":[28,26,3],"rotation":{"angle":-22.5,"axis":"x","origin":[8,13,1.5]},"faces":{"north":{"uv":[0.004,0.004,1.496,3.246],"texture":"#0"},"east":{"uv":[5.879,1.379,6.246,4.621],"texture":"#0"},"south":{"uv":[1.629,0.004,3.121,3.246],"texture":"#0"},"west":{"uv":[6.379,1.379,6.746,4.621],"texture":"#0"},"up":{"uv":[7.371,5.121,5.879,4.754],"texture":"#0","cullface":"north"}}},{"from":[0,0,2],"to":[2,1,4],"faces":{"north":{"uv":[5.379,3.254,5.621,3.371],"texture":"#0"},"east":{"uv":[6.754,6.379,6.996,6.496],"texture":"#0"},"south":{"uv":[0.004,6.879,0.246,6.996],"texture":"#0"},"west":{"uv":[0.379,6.879,0.621,6.996],"texture":"#0","cullface":"west"},"down":{"uv":[5.621,1.754,5.379,1.996],"texture":"#0","cullface":"down"}}},{"from":[14,0,2],"to":[16,1,4],"faces":{"north":{"uv":[0.754,6.879,0.996,6.996],"texture":"#0"},"east":{"uv":[1.129,6.879,1.371,6.996],"texture":"#0","cullface":"east"},"south":{"uv":[6.879,1.379,7.121,1.496],"texture":"#0"},"west":{"uv":[6.879,1.629,7.121,1.746],"texture":"#0"},"down":{"uv":[5.621,2.504,5.379,2.746],"texture":"#0","cullface":"down"}}},{"from":[14,0,12.5],"to":[16,1,14.5],"faces":{"north":{"uv":[6.879,1.879,7.121,1.996],"texture":"#0"},"east":{"uv":[6.879,2.129,7.121,2.246],"texture":"#0","cullface":"east"},"south":{"uv":[6.879,2.379,7.121,2.496],"texture":"#0"},"west":{"uv":[6.879,2.629,7.121,2.746],"texture":"#0"},"down":{"uv":[6.996,5.254,6.754,5.496],"texture":"#0","cullface":"down"}}},{"from":[0,0,12.5],"to":[2,1,14.5],"faces":{"north":{"uv":[6.879,2.879,7.121,2.996],"texture":"#0"},"east":{"uv":[6.879,3.129,7.121,3.246],"texture":"#0"},"south":{"uv":[6.879,3.379,7.121,3.496],"texture":"#0"},"west":{"uv":[6.879,3.629,7.121,3.746],"texture":"#0","cullface":"west"},"down":{"uv":[6.996,6.004,6.754,6.246],"texture":"#0","cullface":"down"}}},{"from":[-16,0,12.5],"to":[-14,1,14.5],"faces":{"north":{"uv":[6.879,2.879,7.121,2.996],"texture":"#0"},"east":{"uv":[6.879,3.129,7.121,3.246],"texture":"#0"},"south":{"uv":[6.879,3.379,7.121,3.496],"texture":"#0"},"west":{"uv":[6.879,3.629,7.121,3.746],"texture":"#0","cullface":"west"},"down":{"uv":[6.996,6.004,6.754,6.246],"texture":"#0","cullface":"down"}}},{"from":[-16,0,2],"to":[-14,1,4],"faces":{"north":{"uv":[5.379,3.254,5.621,3.371],"texture":"#0"},"east":{"uv":[6.754,6.379,6.996,6.496],"texture":"#0"},"south":{"uv":[0.004,6.879,0.246,6.996],"texture":"#0"},"west":{"uv":[0.379,6.879,0.621,6.996],"texture":"#0","cullface":"west"},"down":{"uv":[5.621,1.754,5.379,1.996],"texture":"#0","cullface":"down"}}},{"from":[-2,0,2],"to":[0,1,4],"faces":{"north":{"uv":[0.754,6.879,0.996,6.996],"texture":"#0"},"east":{"uv":[1.129,6.879,1.371,6.996],"texture":"#0","cullface":"east"},"south":{"uv":[6.879,1.379,7.121,1.496],"texture":"#0"},"west":{"uv":[6.879,1.629,7.121,1.746],"texture":"#0"},"down":{"uv":[5.621,2.504,5.379,2.746],"texture":"#0","cullface":"down"}}},{"from":[-2,0,12.5],"to":[0,1,14.5],"faces":{"north":{"uv":[6.879,1.879,7.121,1.996],"texture":"#0"},"east":{"uv":[6.879,2.129,7.121,2.246],"texture":"#0","cullface":"east"},"south":{"uv":[6.879,2.379,7.121,2.496],"texture":"#0"},"west":{"uv":[6.879,2.629,7.121,2.746],"texture":"#0"},"down":{"uv":[6.996,5.254,6.754,5.496],"texture":"#0","cullface":"down"}}},{"from":[16,0,12.5],"to":[18,1,14.5],"faces":{"north":{"uv":[6.879,2.879,7.121,2.996],"texture":"#0"},"east":{"uv":[6.879,3.129,7.121,3.246],"texture":"#0"},"south":{"uv":[6.879,3.379,7.121,3.496],"texture":"#0"},"west":{"uv":[6.879,3.629,7.121,3.746],"texture":"#0","cullface":"west"},"down":{"uv":[6.996,6.004,6.754,6.246],"texture":"#0","cullface":"down"}}},{"from":[16,0,2],"to":[18,1,4],"faces":{"north":{"uv":[5.379,3.254,5.621,3.371],"texture":"#0"},"east":{"uv":[6.754,6.379,6.996,6.496],"texture":"#0"},"south":{"uv":[0.004,6.879,0.246,6.996],"texture":"#0"},"west":{"uv":[0.379,6.879,0.621,6.996],"texture":"#0","cullface":"west"},"down":{"uv":[5.621,1.754,5.379,1.996],"texture":"#0","cullface":"down"}}},{"from":[30,0,2],"to":[32,1,4],"faces":{"north":{"uv":[0.754,6.879,0.996,6.996],"texture":"#0"},"east":{"uv":[1.129,6.879,1.371,6.996],"texture":"#0","cullface":"east"},"south":{"uv":[6.879,1.379,7.121,1.496],"texture":"#0"},"west":{"uv":[6.879,1.629,7.121,1.746],"texture":"#0"},"down":{"uv":[5.621,2.504,5.379,2.746],"texture":"#0","cullface":"down"}}},{"from":[30,0,12.5],"to":[32,1,14.5],"faces":{"north":{"uv":[6.879,1.879,7.121,1.996],"texture":"#0"},"east":{"uv":[6.879,2.129,7.121,2.246],"texture":"#0","cullface":"east"},"south":{"uv":[6.879,2.379,7.121,2.496],"texture":"#0"},"west":{"uv":[6.879,2.629,7.121,2.746],"texture":"#0"},"down":{"uv":[6.996,5.254,6.754,5.496],"texture":"#0","cullface":"down"}}}],"display":{"thirdperson_righthand":{"scale":[0.5,0.5,0.5]},"thirdperson_lefthand":{"scale":[0.5,0.5,0.5]},"firstperson_righthand":{"scale":[0.5,0.5,0.5]},"firstperson_lefthand":{"scale":[0.5,0.5,0.5]},"ground":{"translation":[0,2.5,0],"scale":[0.5,0.5,0.5]},"gui":{"translation":[0,-2.5,0],"scale":[0.4,0.4,0.4]},"head":{"rotation":[0,-180,0],"translation":[0,-27,0],"scale":[2,2,2]},"fixed":{"rotation":[-90,-180,0],"translation":[0,0,-17.5],"scale":[2,2.25,2]}}}