{"credit":"Made by Nog's Menagerie","textures":{"2":"nogs_menagerie:figures/nm_figure_chicken_texture"},"elements":[{"name":"torso","from":[6.5,4,8.75],"to":[9.5,8,12.75],"rotation":{"angle":0,"axis":"y","origin":[8,5.5,9]},"faces":{"north":{"uv":[2,5,3.5,7],"texture":"#2"},"east":{"uv":[4,0,6,2],"texture":"#2"},"south":{"uv":[6,0,7.5,2],"texture":"#2"},"west":{"uv":[4,2,6,4],"texture":"#2"},"up":{"uv":[7.5,4,6,2],"texture":"#2"},"down":{"uv":[5,6,3.5,8],"texture":"#2"}}},{"name":"torso","from":[5.5,5,9.75],"to":[6.5,8,12.75],"rotation":{"angle":0,"axis":"y","origin":[8,5.5,9]},"faces":{"north":{"uv":[6,7.5,6.5,9],"texture":"#2"},"east":{"uv":[6,4,7.5,5.5],"texture":"#2"},"south":{"uv":[2.5,8,3,9.5],"texture":"#2"},"west":{"uv":[5,6,6.5,7.5],"texture":"#2"},"up":{"uv":[3.5,9.5,3,8],"texture":"#2"},"down":{"uv":[4,8,3.5,9.5],"texture":"#2"}}},{"name":"torso","from":[9.5,5,9.75],"to":[10.5,8,12.75],"rotation":{"angle":0,"axis":"y","origin":[8,5.5,9]},"faces":{"north":{"uv":[4,8,4.5,9.5],"texture":"#2"},"east":{"uv":[6.5,5.5,8,7],"texture":"#2"},"south":{"uv":[4.5,8,5,9.5],"texture":"#2"},"west":{"uv":[0,7,1.5,8.5],"texture":"#2"},"up":{"uv":[8.5,6.5,8,5],"texture":"#2"},"down":{"uv":[7,8,6.5,9.5],"texture":"#2"}}},{"name":"head","from":[6,6,5.75],"to":[10,11,9.75],"rotation":{"angle":0,"axis":"y","origin":[8.09567,10,9]},"faces":{"north":{"uv":[0,0,2,2.5],"texture":"#2"},"east":{"uv":[2,0,4,2.5],"texture":"#2"},"south":{"uv":[0,2.5,2,5],"texture":"#2"},"west":{"uv":[2,2.5,4,5],"texture":"#2"},"up":{"uv":[6,6,4,4],"texture":"#2"},"down":{"uv":[2,5,0,7],"texture":"#2"}}},{"name":"head","from":[6,8,3.75],"to":[10,9,5.75],"rotation":{"angle":0,"axis":"y","origin":[8.09567,10,9]},"faces":{"north":{"uv":[7.5,0,9.5,0.5],"texture":"#2"},"east":{"uv":[8,6.5,9,7],"texture":"#2"},"south":{"uv":[7.5,0.5,9.5,1],"texture":"#2"},"west":{"uv":[7,8,8,8.5],"texture":"#2"},"up":{"uv":[3.5,8,1.5,7],"texture":"#2"},"down":{"uv":[8.5,7,6.5,8],"texture":"#2"}}},{"name":"head","from":[7,6,4.75],"to":[9,8,5.75],"rotation":{"angle":0,"axis":"y","origin":[8.09567,10,9]},"faces":{"north":{"uv":[7.5,1,8.5,2],"texture":"#2"},"east":{"uv":[3.5,5,4,6],"texture":"#2"},"south":{"uv":[7.5,2,8.5,3],"texture":"#2"},"west":{"uv":[8,8,8.5,9],"texture":"#2"},"up":{"uv":[1,9,0,8.5],"texture":"#2"},"down":{"uv":[9.5,1,8.5,1.5],"texture":"#2"}}},{"from":[6.25,2,10.75],"to":[7.25,4,10.75],"rotation":{"angle":22.5,"axis":"y","origin":[7,2.5,10.25]},"faces":{"north":{"uv":[1,8.5,1.5,9.5],"texture":"#2"},"east":{"uv":[0,0,0,1],"texture":"#2"},"south":{"uv":[8.5,1.5,9,2.5],"texture":"#2"},"west":{"uv":[0,0,0,1],"texture":"#2"},"up":{"uv":[0.5,0,0,0],"texture":"#2"},"down":{"uv":[0.5,0,0,0],"texture":"#2"}}},{"from":[5.75,2.025,8.75],"to":[7.75,2.025,10.75],"rotation":{"angle":22.5,"axis":"y","origin":[7,2.525,10.25]},"faces":{"north":{"uv":[0,0,1,0],"texture":"#2"},"east":{"uv":[0,0,1,0],"texture":"#2"},"south":{"uv":[0,0,1,0],"texture":"#2"},"west":{"uv":[0,0,1,0],"texture":"#2"},"up":{"uv":[8.5,4,7.5,3],"texture":"#2"},"down":{"uv":[8.5,4,7.5,5],"texture":"#2"}}},{"from":[8.25,2.025,8.75],"to":[10.25,2.025,10.75],"rotation":{"angle":-22.5,"axis":"y","origin":[9,2.525,10.25]},"faces":{"north":{"uv":[0,0,1,0],"texture":"#2"},"east":{"uv":[0,0,1,0],"texture":"#2"},"south":{"uv":[0,0,1,0],"texture":"#2"},"west":{"uv":[0,0,1,0],"texture":"#2"},"up":{"uv":[6,8.5,5,7.5],"texture":"#2"},"down":{"uv":[2.5,8,1.5,9],"texture":"#2"}}},{"from":[8.75,2,10.75],"to":[9.75,4,10.75],"rotation":{"angle":-22.5,"axis":"y","origin":[9,2.5,10.25]},"faces":{"north":{"uv":[8.5,2.5,9,3.5],"texture":"#2"},"east":{"uv":[0,0,0,1],"texture":"#2"},"south":{"uv":[8.5,3.5,9,4.5],"texture":"#2"},"west":{"uv":[0,0,0,1],"texture":"#2"},"up":{"uv":[0.5,0,0,0],"texture":"#2"},"down":{"uv":[0.5,0,0,0],"texture":"#2"}}}],"gui_light":"front","display":{"thirdperson_righthand":{"rotation":[49,0,0],"translation":[0,1.25,-0.5],"scale":[0.55,0.55,0.55]},"thirdperson_lefthand":{"rotation":[49,0,0],"translation":[0,1.25,-0.5],"scale":[0.55,0.55,0.55]},"firstperson_righthand":{"rotation":[0,113,5],"translation":[3,5,0],"scale":[0.73,0.73,0.73]},"firstperson_lefthand":{"rotation":[0,113,5],"translation":[3,5,0],"scale":[0.73,0.73,0.73]},"ground":{"translation":[-0.25,3,-0.75],"scale":[0.7,0.7,0.7]},"gui":{"rotation":[25,151,0],"translation":[-0.25,0.5,0],"scale":[0.74,0.74,0.74]},"head":{"rotation":[0,180,0],"translation":[0,-37.85,0],"scale":[0.89,0.89,0.89]},"fixed":{"rotation":[-90,0,0],"translation":[0,-2,-12],"scale":[2,2,2]}}}