{"credit":"Made with Blockbench","texture_size":[64,64],"textures":{"0":"discordia:sombrero/harlequintxt","particle":"discordia:sombrero/harlequintxt"},"elements":[{"from":[3.12557,0.83351,6.4],"to":[6.12557,6.83351,9.4],"rotation":{"angle":22.5,"axis":"z","origin":[2.16478,6.63528,7.9]},"faces":{"north":{"uv":[1.75,4,2.5,5.5],"texture":"#0"},"east":{"uv":[4,1.75,4.75,3.25],"texture":"#0"},"south":{"uv":[2.5,4,3.25,5.5],"texture":"#0"},"west":{"uv":[3.25,4,4,5.5],"texture":"#0"},"up":{"uv":[7.5,5,6.75,4.25],"texture":"#0"},"down":{"uv":[7.5,5,6.75,5.75],"texture":"#0"}}},{"from":[2.12557,2.83351,6.8],"to":[5.12557,7.83351,9],"rotation":{"angle":22.5,"axis":"z","origin":[2.16478,6.63528,7.9]},"faces":{"north":{"uv":[5.5,2.25,6.25,3.5],"texture":"#0"},"east":{"uv":[0.75,6.5,1.25,7.75],"texture":"#0"},"south":{"uv":[5.5,3.5,6.25,4.75],"texture":"#0"},"west":{"uv":[1.25,6.5,1.75,7.75],"texture":"#0"},"up":{"uv":[3.75,7.5,3,7],"texture":"#0"},"down":{"uv":[7.75,6,7,6.5],"texture":"#0"}}},{"from":[1.12557,4.83351,7.2],"to":[4.12557,8.83351,8.6],"rotation":{"angle":22.5,"axis":"z","origin":[2.16478,6.63528,7.9]},"faces":{"north":{"uv":[2.5,6,3.25,7],"texture":"#0"},"east":{"uv":[3.75,7,4,8],"texture":"#0"},"south":{"uv":[3.25,6,4,7],"texture":"#0"},"west":{"uv":[4,7.25,4.25,8.25],"texture":"#0"},"up":{"uv":[7.75,7,7,6.75],"texture":"#0"},"down":{"uv":[8.25,0,7.5,0.25],"texture":"#0"}}},{"from":[-0.87443,6.83351,7.5],"to":[3.12557,9.83351,8.3],"rotation":{"angle":22.5,"axis":"z","origin":[2.16478,6.63528,7.9]},"faces":{"north":{"uv":[6.25,2.75,7.25,3.5],"texture":"#0"},"east":{"uv":[7.5,1.25,7.75,2],"texture":"#0"},"south":{"uv":[6.25,3.5,7.25,4.25],"texture":"#0"},"west":{"uv":[3,7.5,3.25,8.25],"texture":"#0"},"up":{"uv":[1.75,6,0.75,5.75],"texture":"#0"},"down":{"uv":[8,6.5,7,6.75],"texture":"#0"}}},{"from":[-1.87443,5.83351,7.5],"to":[-0.87443,8.83351,8.3],"rotation":{"angle":22.5,"axis":"z","origin":[2.16478,6.63528,7.9]},"faces":{"north":{"uv":[3.25,7.5,3.5,8.25],"texture":"#0"},"east":{"uv":[3.5,7.5,3.75,8.25],"texture":"#0"},"south":{"uv":[7.5,4.25,7.75,5],"texture":"#0"},"west":{"uv":[7.5,5,7.75,5.75],"texture":"#0"},"up":{"uv":[7.75,2.25,7.5,2],"texture":"#0"},"down":{"uv":[7.75,7,7.5,7.25],"texture":"#0"}}},{"from":[-2.87443,4.83351,7.5],"to":[-1.87443,6.83351,8.3],"rotation":{"angle":22.5,"axis":"z","origin":[2.16478,6.63528,7.9]},"faces":{"north":{"uv":[3.75,5.5,4,6],"texture":"#0"},"east":{"uv":[2.25,6.5,2.5,7],"texture":"#0"},"south":{"uv":[7.5,0.25,7.75,0.75],"texture":"#0"},"west":{"uv":[7.75,0.25,8,0.75],"texture":"#0"},"up":{"uv":[8,2.25,7.75,2],"texture":"#0"},"down":{"uv":[3,7.75,2.75,8],"texture":"#0"}}},{"from":[9.87443,0.83351,6.4],"to":[12.87443,6.83351,9.4],"rotation":{"angle":-22.5,"axis":"z","origin":[13.83522,6.63528,7.9]},"faces":{"north":{"uv":[2.5,4,1.75,5.5],"texture":"#0"},"east":{"uv":[4,4,3.25,5.5],"texture":"#0"},"south":{"uv":[3.25,4,2.5,5.5],"texture":"#0"},"west":{"uv":[4.75,1.75,4,3.25],"texture":"#0"},"up":{"uv":[6.75,5,7.5,4.25],"texture":"#0"},"down":{"uv":[6.75,5,7.5,5.75],"texture":"#0"}}},{"from":[10.87443,2.83351,6.8],"to":[13.87443,7.83351,9],"rotation":{"angle":-22.5,"axis":"z","origin":[13.83522,6.63528,7.9]},"faces":{"north":{"uv":[6.25,2.25,5.5,3.5],"texture":"#0"},"east":{"uv":[1.75,6.5,1.25,7.75],"texture":"#0"},"south":{"uv":[6.25,3.5,5.5,4.75],"texture":"#0"},"west":{"uv":[1.25,6.5,0.75,7.75],"texture":"#0"},"up":{"uv":[3,7.5,3.75,7],"texture":"#0"},"down":{"uv":[7,6,7.75,6.5],"texture":"#0"}}},{"from":[11.87443,4.83351,7.2],"to":[14.87443,8.83351,8.6],"rotation":{"angle":-22.5,"axis":"z","origin":[13.83522,6.63528,7.9]},"faces":{"north":{"uv":[3.25,6,2.5,7],"texture":"#0"},"east":{"uv":[4.25,7.25,4,8.25],"texture":"#0"},"south":{"uv":[4,6,3.25,7],"texture":"#0"},"west":{"uv":[4,7,3.75,8],"texture":"#0"},"up":{"uv":[7,7,7.75,6.75],"texture":"#0"},"down":{"uv":[7.5,0,8.25,0.25],"texture":"#0"}}},{"from":[12.87443,6.83351,7.5],"to":[16.87443,9.83351,8.3],"rotation":{"angle":-22.5,"axis":"z","origin":[13.83522,6.63528,7.9]},"faces":{"north":{"uv":[7.25,2.75,6.25,3.5],"texture":"#0"},"east":{"uv":[3.25,7.5,3,8.25],"texture":"#0"},"south":{"uv":[7.25,3.5,6.25,4.25],"texture":"#0"},"west":{"uv":[7.75,1.25,7.5,2],"texture":"#0"},"up":{"uv":[0.75,6,1.75,5.75],"texture":"#0"},"down":{"uv":[7,6.5,8,6.75],"texture":"#0"}}},{"from":[16.87443,5.83351,7.5],"to":[17.87443,8.83351,8.3],"rotation":{"angle":-22.5,"axis":"z","origin":[13.83522,6.63528,7.9]},"faces":{"north":{"uv":[3.5,7.5,3.25,8.25],"texture":"#0"},"east":{"uv":[7.75,5,7.5,5.75],"texture":"#0"},"south":{"uv":[7.75,4.25,7.5,5],"texture":"#0"},"west":{"uv":[3.75,7.5,3.5,8.25],"texture":"#0"},"up":{"uv":[7.5,2.25,7.75,2],"texture":"#0"},"down":{"uv":[7.5,7,7.75,7.25],"texture":"#0"}}},{"from":[17.87443,4.83351,7.5],"to":[18.87443,6.83351,8.3],"rotation":{"angle":-22.5,"axis":"z","origin":[13.83522,6.63528,7.9]},"faces":{"north":{"uv":[4,5.5,3.75,6],"texture":"#0"},"east":{"uv":[8,0.25,7.75,0.75],"texture":"#0"},"south":{"uv":[7.75,0.25,7.5,0.75],"texture":"#0"},"west":{"uv":[2.5,6.5,2.25,7],"texture":"#0"},"up":{"uv":[7.75,2.25,8,2],"texture":"#0"},"down":{"uv":[2.75,7.75,3,8],"texture":"#0"}}},{"from":[6.5,0.9,10.1],"to":[9.5,6.9,13.1],"rotation":{"angle":22.5,"axis":"x","origin":[8,6.75,12.9]},"faces":{"north":{"uv":[4,3.25,4.75,4.75],"texture":"#0"},"east":{"uv":[4.75,1.75,5.5,3.25],"texture":"#0"},"south":{"uv":[4.75,3.25,5.5,4.75],"texture":"#0"},"west":{"uv":[4,4.75,4.75,6.25],"texture":"#0"},"up":{"uv":[0.75,7.75,0,7],"texture":"#0"},"down":{"uv":[3,7,2.25,7.75],"texture":"#0"}}},{"from":[6.9,2.9,11.1],"to":[9.1,7.9,14.1],"rotation":{"angle":22.5,"axis":"x","origin":[8,6.75,12.9]},"faces":{"north":{"uv":[1.75,6.5,2.25,7.75],"texture":"#0"},"east":{"uv":[0,5.75,0.75,7],"texture":"#0"},"south":{"uv":[6.5,5.75,7,7],"texture":"#0"},"west":{"uv":[5.75,0,6.5,1.25],"texture":"#0"},"up":{"uv":[7.75,3.5,7.25,2.75],"texture":"#0"},"down":{"uv":[7.75,3.5,7.25,4.25],"texture":"#0"}}},{"from":[7.3,4.9,12.1],"to":[8.7,8.9,15.1],"rotation":{"angle":22.5,"axis":"x","origin":[8,6.75,12.9]},"faces":{"north":{"uv":[4.25,7.25,4.5,8.25],"texture":"#0"},"east":{"uv":[4,6.25,4.75,7.25],"texture":"#0"},"south":{"uv":[4.5,7.25,4.75,8.25],"texture":"#0"},"west":{"uv":[4.75,6.25,5.5,7.25],"texture":"#0"},"up":{"uv":[0.25,8.5,0,7.75],"texture":"#0"},"down":{"uv":[0.5,7.75,0.25,8.5],"texture":"#0"}}},{"from":[7.6,6.9,13.1],"to":[8.4,9.9,17.1],"rotation":{"angle":22.5,"axis":"x","origin":[8,6.75,12.9]},"faces":{"north":{"uv":[0.5,7.75,0.75,8.5],"texture":"#0"},"east":{"uv":[5.5,6.25,6.5,7],"texture":"#0"},"south":{"uv":[0.75,7.75,1,8.5],"texture":"#0"},"west":{"uv":[6.5,0,7.5,0.75],"texture":"#0"},"up":{"uv":[5,8.25,4.75,7.25],"texture":"#0"},"down":{"uv":[5.25,7.25,5,8.25],"texture":"#0"}}},{"from":[7.6,5.9,17.1],"to":[8.4,8.9,18.1],"rotation":{"angle":22.5,"axis":"x","origin":[8,6.75,12.9]},"faces":{"north":{"uv":[1,7.75,1.25,8.5],"texture":"#0"},"east":{"uv":[1.25,7.75,1.5,8.5],"texture":"#0"},"south":{"uv":[7.75,1.25,8,2],"texture":"#0"},"west":{"uv":[1.5,7.75,1.75,8.5],"texture":"#0"},"up":{"uv":[8,3,7.75,2.75],"texture":"#0"},"down":{"uv":[8,3,7.75,3.25],"texture":"#0"}}},{"from":[7.6,4.9,18.1],"to":[8.4,6.9,19.1],"rotation":{"angle":22.5,"axis":"x","origin":[8,6.75,12.9]},"faces":{"north":{"uv":[1.75,7.75,2,8.25],"texture":"#0"},"east":{"uv":[2,7.75,2.25,8.25],"texture":"#0"},"south":{"uv":[2.25,7.75,2.5,8.25],"texture":"#0"},"west":{"uv":[2.5,7.75,2.75,8.25],"texture":"#0"},"up":{"uv":[8,3.5,7.75,3.25],"texture":"#0"},"down":{"uv":[8,3.5,7.75,3.75],"texture":"#0"}}},{"from":[6.5,0.9,2.9],"to":[9.5,6.9,5.9],"rotation":{"angle":-22.5,"axis":"x","origin":[8,6.75,3.1]},"faces":{"north":{"uv":[5.5,3.25,4.75,4.75],"texture":"#0"},"east":{"uv":[5.5,1.75,4.75,3.25],"texture":"#0"},"south":{"uv":[4.75,3.25,4,4.75],"texture":"#0"},"west":{"uv":[4.75,4.75,4,6.25],"texture":"#0"},"up":{"uv":[0.75,7,0,7.75],"texture":"#0"},"down":{"uv":[3,7.75,2.25,7],"texture":"#0"}}},{"from":[6.9,2.9,1.9],"to":[9.1,7.9,4.9],"rotation":{"angle":-22.5,"axis":"x","origin":[8,6.75,3.1]},"faces":{"north":{"uv":[7,5.75,6.5,7],"texture":"#0"},"east":{"uv":[0.75,5.75,0,7],"texture":"#0"},"south":{"uv":[2.25,6.5,1.75,7.75],"texture":"#0"},"west":{"uv":[6.5,0,5.75,1.25],"texture":"#0"},"up":{"uv":[7.75,2.75,7.25,3.5],"texture":"#0"},"down":{"uv":[7.75,4.25,7.25,3.5],"texture":"#0"}}},{"from":[7.3,4.9,0.9],"to":[8.7,8.9,3.9],"rotation":{"angle":-22.5,"axis":"x","origin":[8,6.75,3.1]},"faces":{"north":{"uv":[4.75,7.25,4.5,8.25],"texture":"#0"},"east":{"uv":[4.75,6.25,4,7.25],"texture":"#0"},"south":{"uv":[4.5,7.25,4.25,8.25],"texture":"#0"},"west":{"uv":[5.5,6.25,4.75,7.25],"texture":"#0"},"up":{"uv":[0.25,7.75,0,8.5],"texture":"#0"},"down":{"uv":[0.5,8.5,0.25,7.75],"texture":"#0"}}},{"from":[7.6,6.9,-1.1],"to":[8.4,9.9,2.9],"rotation":{"angle":-22.5,"axis":"x","origin":[8,6.75,3.1]},"faces":{"north":{"uv":[1,7.75,0.75,8.5],"texture":"#0"},"east":{"uv":[6.5,6.25,5.5,7],"texture":"#0"},"south":{"uv":[0.75,7.75,0.5,8.5],"texture":"#0"},"west":{"uv":[7.5,0,6.5,0.75],"texture":"#0"},"up":{"uv":[5,7.25,4.75,8.25],"texture":"#0"},"down":{"uv":[5.25,8.25,5,7.25],"texture":"#0"}}},{"from":[7.6,5.9,-2.1],"to":[8.4,8.9,-1.1],"rotation":{"angle":-22.5,"axis":"x","origin":[8,6.75,3.1]},"faces":{"north":{"uv":[8,1.25,7.75,2],"texture":"#0"},"east":{"uv":[1.5,7.75,1.25,8.5],"texture":"#0"},"south":{"uv":[1.25,7.75,1,8.5],"texture":"#0"},"west":{"uv":[1.75,7.75,1.5,8.5],"texture":"#0"},"up":{"uv":[8,2.75,7.75,3],"texture":"#0"},"down":{"uv":[8,3.25,7.75,3],"texture":"#0"}}},{"from":[7.6,4.9,-3.1],"to":[8.4,6.9,-2.1],"rotation":{"angle":-22.5,"axis":"x","origin":[8,6.75,3.1]},"faces":{"north":{"uv":[2.5,7.75,2.25,8.25],"texture":"#0"},"east":{"uv":[2.25,7.75,2,8.25],"texture":"#0"},"south":{"uv":[2,7.75,1.75,8.25],"texture":"#0"},"west":{"uv":[2.75,7.75,2.5,8.25],"texture":"#0"},"up":{"uv":[8,3.25,7.75,3.5],"texture":"#0"},"down":{"uv":[8,3.75,7.75,3.5],"texture":"#0"}}},{"from":[3.57303,0.30615,4.11213],"to":[12.47303,2.30615,12.91213],"rotation":{"angle":45,"axis":"y","origin":[7.47303,1.80615,8.23713]},"faces":{"north":{"uv":[4.75,4.75,6.75,5.25],"texture":"#0"},"east":{"uv":[4.75,5.25,6.75,5.75],"texture":"#0"},"south":{"uv":[1.75,5.5,3.75,6],"texture":"#0"},"west":{"uv":[5.5,1.75,7.5,2.25],"texture":"#0"},"up":{"uv":[2,2,0,0],"texture":"#0"},"down":{"uv":[2,2,0,4],"texture":"#0"}}},{"from":[3.47303,1.30615,4.01213],"to":[12.57303,1.50615,13.01213],"rotation":{"angle":45,"axis":"y","origin":[7.47303,1.80615,8.23713]},"faces":{"north":{"uv":[6.5,0.75,8.5,1],"texture":"#0"},"east":{"uv":[6.5,1,8.5,1.25],"texture":"#0"},"south":{"uv":[5.5,7,7.5,7.25],"texture":"#0"},"west":{"uv":[7,5.75,9,6],"texture":"#0"},"up":{"uv":[4,2,2,0],"texture":"#0"},"down":{"uv":[4,2,2,4],"texture":"#0"}}},{"from":[3.87303,1.30615,4.31213],"to":[12.27303,3.30615,12.61213],"rotation":{"angle":45,"axis":"y","origin":[7.47303,1.80615,8.23713]},"faces":{"north":{"uv":[5.75,1.25,7.5,1.75],"texture":"#0"},"east":{"uv":[4.75,5.75,6.5,6.25],"texture":"#0"},"south":{"uv":[0.75,6,2.5,6.5],"texture":"#0"},"west":{"uv":[6.25,2.25,8,2.75],"texture":"#0"},"up":{"uv":[1.75,5.75,0,4],"texture":"#0"},"down":{"uv":[5.75,0,4,1.75],"texture":"#0"}}},{"name":"bel1","from":[-2.5,1.5,6.9],"to":[-0.5,3.5,8.9],"rotation":{"angle":22.5,"axis":"z","origin":[-1.5,2.5,7.9]},"faces":{"north":{"uv":[6.25,4.25,6.75,4.75],"texture":"#0"},"east":{"uv":[5.25,7.25,5.75,7.75],"texture":"#0"},"south":{"uv":[5.75,7.25,6.25,7.75],"texture":"#0"},"west":{"uv":[6.25,7.25,6.75,7.75],"texture":"#0"},"up":{"uv":[7.25,7.75,6.75,7.25],"texture":"#0"},"down":{"uv":[7.75,7.25,7.25,7.75],"texture":"#0"}}},{"name":"bel3","from":[15.50653,3.13161,6.9],"to":[17.50653,5.13161,8.9],"rotation":{"angle":-22.5,"axis":"z","origin":[12.80653,1.93161,7.9]},"faces":{"north":{"uv":[6.25,4.25,6.75,4.75],"texture":"#0"},"east":{"uv":[5.25,7.25,5.75,7.75],"texture":"#0"},"south":{"uv":[5.75,7.25,6.25,7.75],"texture":"#0"},"west":{"uv":[6.25,7.25,6.75,7.75],"texture":"#0"},"up":{"uv":[7.25,7.75,6.75,7.25],"texture":"#0"},"down":{"uv":[7.75,7.25,7.25,7.75],"texture":"#0"}}},{"name":"bel2","from":[7.25326,1.21036,16.6],"to":[9.25326,3.21036,18.6],"rotation":{"angle":-22.5,"axis":"x","origin":[8.25326,2.21036,17.4]},"faces":{"north":{"uv":[6.25,4.25,6.75,4.75],"texture":"#0"},"east":{"uv":[5.25,7.25,5.75,7.75],"texture":"#0"},"south":{"uv":[5.75,7.25,6.25,7.75],"texture":"#0"},"west":{"uv":[6.25,7.25,6.75,7.75],"texture":"#0"},"up":{"uv":[7.25,7.75,6.75,7.25],"texture":"#0"},"down":{"uv":[7.75,7.25,7.25,7.75],"texture":"#0"}}},{"name":"bel4","from":[7.25326,1.04844,-2.89996],"to":[9.25326,3.04844,-0.89996],"rotation":{"angle":22.5,"axis":"x","origin":[8.25326,2.24844,-0.79996]},"faces":{"north":{"uv":[6.25,4.25,6.75,4.75],"texture":"#0"},"east":{"uv":[5.25,7.25,5.75,7.75],"texture":"#0"},"south":{"uv":[5.75,7.25,6.25,7.75],"texture":"#0"},"west":{"uv":[6.25,7.25,6.75,7.75],"texture":"#0"},"up":{"uv":[7.25,7.75,6.75,7.25],"texture":"#0"},"down":{"uv":[7.75,7.25,7.25,7.75],"texture":"#0"}}}],"display":{"thirdperson_righthand":{"translation":[0,3.75,0],"scale":[0.5,0.5,0.5]},"thirdperson_lefthand":{"translation":[0,3.75,0],"scale":[0.5,0.5,0.5]},"firstperson_righthand":{"translation":[4,6,0]},"firstperson_lefthand":{"translation":[4,6,0]},"ground":{"translation":[0,5.75,0]},"gui":{"rotation":[0,0,44.75],"translation":[-1.75,1.75,0],"scale":[0.8,0.8,0.8]},"head":{"rotation":[-159.75,-45,180],"translation":[0,15.75,4.5],"scale":[1.7,1.7,1.7]},"fixed":{"rotation":[-90,0,0],"translation":[0,0,-7.25]}}}