{"credit":"MadewithBlockbench","texture_size":[32,32],"textures":{"1":"discordia:japonesa/mascara_japonesa_8","particle":"discordia:japonesa/mascara_japonesa_8"},"elements":[{"from":[5.75,4,8],"to":[11,8.3,8.75],"rotation":{"angle":0,"axis":"y","origin":[8.375,4.6125,14.575]},"faces":{"north":{"uv":[3,0,5.5,2],"texture":"#1"},"east":{"uv":[8.5,7,9,9],"texture":"#1"},"south":{"uv":[3,2,5.5,4],"texture":"#1"},"west":{"uv":[2,9,2.5,11],"texture":"#1"},"up":{"uv":[10,5.5,7.5,5],"texture":"#1"},"down":{"uv":[4.5,8,2,8.5],"texture":"#1"}}},{"from":[5.5,1.7,7.6],"to":[11.25,3,8.75],"rotation":{"angle":0,"axis":"y","origin":[8.375,4.6125,14.575]},"faces":{"north":{"uv":[5.5,2,8.5,2.5],"texture":"#1"},"east":{"uv":[7.5,10.5,8,11],"texture":"#1"},"south":{"uv":[5.5,2.5,8.5,3],"texture":"#1"},"west":{"uv":[11,3,11.5,3.5],"texture":"#1"},"up":{"uv":[8.5,3.5,5.5,3],"texture":"#1"},"down":{"uv":[8.5,3.5,5.5,4],"texture":"#1"}}},{"from":[7.25,3,7.8],"to":[9.25,4,8.725],"rotation":{"angle":0,"axis":"y","origin":[8.375,4.6125,14.575]},"faces":{"north":{"uv":[10,7.5,11,8],"texture":"#1"},"east":{"uv":[4,11,4.5,11.5],"texture":"#1"},"south":{"uv":[10,8,11,8.5],"texture":"#1"},"west":{"uv":[4.5,11,5,11.5],"texture":"#1"},"up":{"uv":[11,9,10,8.5],"texture":"#1"},"down":{"uv":[10,10,9,10.5],"texture":"#1"}}},{"from":[11,3,8],"to":[12,8.3,8.75],"rotation":{"angle":0,"axis":"y","origin":[8.375,4.6125,14.575]},"faces":{"north":{"uv":[4.5,8,5,10.5],"texture":"#1"},"east":{"uv":[5,8,5.5,10.5],"texture":"#1"},"south":{"uv":[5.5,8,6,10.5],"texture":"#1"},"west":{"uv":[6,8,6.5,10.5],"texture":"#1"},"up":{"uv":[5.5,11.5,5,11],"texture":"#1"},"down":{"uv":[6,11,5.5,11.5],"texture":"#1"}}},{"from":[4.75,3,8],"to":[5.75,8.3,8.75],"rotation":{"angle":0,"axis":"y","origin":[8.375,4.6125,14.575]},"faces":{"north":{"uv":[6.5,8,7,10.5],"texture":"#1"},"east":{"uv":[7,8,7.5,10.5],"texture":"#1"},"south":{"uv":[8,7,8.5,9.5],"texture":"#1"},"west":{"uv":[7.5,8,8,10.5],"texture":"#1"},"up":{"uv":[6.5,11.5,6,11],"texture":"#1"},"down":{"uv":[7,11,6.5,11.5],"texture":"#1"}}},{"from":[4.55,6.8,7.5],"to":[6.45,7.75,8.25],"rotation":{"angle":0,"axis":"y","origin":[8.375,4.6125,14.575]},"faces":{"north":{"uv":[10,9,11,9.5],"texture":"#1"},"east":{"uv":[7,11,7.5,11.5],"texture":"#1"},"south":{"uv":[10,9.5,11,10],"texture":"#1"},"west":{"uv":[7.5,11,8,11.5],"texture":"#1"},"up":{"uv":[11,10.5,10,10],"texture":"#1"},"down":{"uv":[3.5,10.5,2.5,11],"texture":"#1"}}},{"from":[5.75,7.3,7.4],"to":[7.25,8.75,8.15],"rotation":{"angle":0,"axis":"y","origin":[8.375,4.6125,14.575]},"faces":{"north":{"uv":[3.5,10.5,4.5,11],"texture":"#1"},"east":{"uv":[11,7.5,11.5,8],"texture":"#1"},"south":{"uv":[10.5,3.5,11.5,4],"texture":"#1"},"west":{"uv":[8,11,8.5,11.5],"texture":"#1"},"up":{"uv":[11.5,4.5,10.5,4],"texture":"#1"},"down":{"uv":[5.5,10.5,4.5,11],"texture":"#1"}}},{"from":[4.4,7.7,7.2],"to":[6,10.45,8.15],"rotation":{"angle":0,"axis":"y","origin":[8.375,4.6125,14.575]},"faces":{"north":{"uv":[5.5,5.5,6.5,7],"texture":"#1"},"east":{"uv":[2.5,9,3,10.5],"texture":"#1"},"south":{"uv":[2,6,3,7.5],"texture":"#1"},"west":{"uv":[3,9,3.5,10.5],"texture":"#1"},"up":{"uv":[11.5,5,10.5,4.5],"texture":"#1"},"down":{"uv":[11.5,5,10.5,5.5],"texture":"#1"}}},{"from":[10.25,6.8,7.5],"to":[12.15,7.75,8.25],"rotation":{"angle":0,"axis":"y","origin":[8.375,4.6125,14.575]},"faces":{"north":{"uv":[5.5,10.5,6.5,11],"texture":"#1"},"east":{"uv":[11,8,11.5,8.5],"texture":"#1"},"south":{"uv":[6.5,10.5,7.5,11],"texture":"#1"},"west":{"uv":[8.5,11,9,11.5],"texture":"#1"},"up":{"uv":[9.5,11,8.5,10.5],"texture":"#1"},"down":{"uv":[10.5,10.5,9.5,11],"texture":"#1"}}},{"from":[9.45,7.3,7.4],"to":[10.95,8.75,8.15],"rotation":{"angle":0,"axis":"y","origin":[8.375,4.6125,14.575]},"faces":{"north":{"uv":[10.5,10.5,11.5,11],"texture":"#1"},"east":{"uv":[11,8.5,11.5,9],"texture":"#1"},"south":{"uv":[11,0.5,12,1],"texture":"#1"},"west":{"uv":[9,11,9.5,11.5],"texture":"#1"},"up":{"uv":[12,1.5,11,1],"texture":"#1"},"down":{"uv":[12,1.5,11,2],"texture":"#1"}}},{"from":[10.7,7.7,7.2],"to":[12.3,10.45,8.15],"rotation":{"angle":0,"axis":"y","origin":[8.375,4.6125,14.575]},"faces":{"north":{"uv":[3,6,4,7.5],"texture":"#1"},"east":{"uv":[3.5,9,4,10.5],"texture":"#1"},"south":{"uv":[4,6,5,7.5],"texture":"#1"},"west":{"uv":[4,9,4.5,10.5],"texture":"#1"},"up":{"uv":[3,11.5,2,11],"texture":"#1"},"down":{"uv":[12,2,11,2.5],"texture":"#1"}}},{"from":[5.15,0.4,8.75],"to":[11.6,4,8.75],"rotation":{"angle":0,"axis":"y","origin":[8.375,4.6125,14.575]},"faces":{"north":{"uv":[0,0,3,2],"texture":"#1"},"east":{"uv":[0,0,0,2],"texture":"#1"},"south":{"uv":[0,2,3,4],"texture":"#1"},"west":{"uv":[0,0,0,2],"texture":"#1"},"up":{"uv":[3,0,0,0],"texture":"#1"},"down":{"uv":[3,0,0,0],"texture":"#1"}}},{"from":[4.825,3.5,8.5],"to":[5.075,4.75,21.75],"rotation":{"angle":0,"axis":"y","origin":[8.375,4.6125,14.575]},"faces":{"north":{"uv":[11,9,11.5,9.5],"texture":"#1"},"east":{"uv":[0,4,6.5,4.5],"texture":"#1"},"south":{"uv":[9.5,11,10,11.5],"texture":"#1"},"west":{"uv":[0,4.5,6.5,5],"texture":"#1"},"up":{"uv":[0.5,11.5,0,5],"texture":"#1"},"down":{"uv":[1,5,0.5,11.5],"texture":"#1"}}},{"from":[11.675,3.5,8.5],"to":[11.925,4.75,21.75],"rotation":{"angle":0,"axis":"y","origin":[8.375,4.6125,14.575]},"faces":{"north":{"uv":[11,9.5,11.5,10],"texture":"#1"},"east":{"uv":[1,5,7.5,5.5],"texture":"#1"},"south":{"uv":[10,11,10.5,11.5],"texture":"#1"},"west":{"uv":[5.5,0,12,0.5],"texture":"#1"},"up":{"uv":[1.5,12,1,5.5],"texture":"#1"},"down":{"uv":[2,5.5,1.5,12],"texture":"#1"}}},{"from":[4.825,3.5,21.525],"to":[11.95,4.75,21.775],"rotation":{"angle":0,"axis":"y","origin":[8.375,4.6125,14.575]},"faces":{"north":{"uv":[5.5,0.5,9,1],"texture":"#1"},"east":{"uv":[11,10,11.5,10.5],"texture":"#1"},"south":{"uv":[5.5,1,9,1.5],"texture":"#1"},"west":{"uv":[10.5,11,11,11.5],"texture":"#1"},"up":{"uv":[9,2,5.5,1.5],"texture":"#1"},"down":{"uv":[5.5,5.5,2,6],"texture":"#1"}}},{"from":[4.5,0,7.55],"to":[5.5,3,8.75],"rotation":{"angle":0,"axis":"y","origin":[8.375,4.6125,14.575]},"faces":{"north":{"uv":[9,7,9.5,8.5],"texture":"#1"},"east":{"uv":[8.5,9,9,10.5],"texture":"#1"},"south":{"uv":[9,8.5,9.5,10],"texture":"#1"},"west":{"uv":[9.5,5.5,10,7],"texture":"#1"},"up":{"uv":[11.5,11.5,11,11],"texture":"#1"},"down":{"uv":[0.5,11.5,0,12],"texture":"#1"}}},{"from":[11.25,0,7.55],"to":[12.25,3,8.75],"rotation":{"angle":0,"axis":"y","origin":[8.375,4.6125,14.575]},"faces":{"north":{"uv":[9.5,7,10,8.5],"texture":"#1"},"east":{"uv":[8,9.5,8.5,11],"texture":"#1"},"south":{"uv":[9.5,8.5,10,10],"texture":"#1"},"west":{"uv":[10,4,10.5,5.5],"texture":"#1"},"up":{"uv":[1,12,0.5,11.5],"texture":"#1"},"down":{"uv":[2.5,11.5,2,12],"texture":"#1"}}},{"from":[6.675,-0.9,7.05],"to":[10.075,0.3,8.3],"rotation":{"angle":0,"axis":"y","origin":[8.375,4.6125,14.575]},"faces":{"north":{"uv":[10,5.5,11.5,6],"texture":"#1"},"east":{"uv":[2.5,11.5,3,12],"texture":"#1"},"south":{"uv":[10,6,11.5,6.5],"texture":"#1"},"west":{"uv":[3,11.5,3.5,12],"texture":"#1"},"up":{"uv":[11.5,7,10,6.5],"texture":"#1"},"down":{"uv":[11.5,7,10,7.5],"texture":"#1"}}},{"from":[6.075,-0.55,7.15],"to":[10.675,0.8,8.3],"rotation":{"angle":0,"axis":"y","origin":[8.375,4.6125,14.575]},"faces":{"north":{"uv":[2,8.5,4.5,9],"texture":"#1"},"east":{"uv":[11.5,3,12,3.5],"texture":"#1"},"south":{"uv":[8.5,2,11,2.5],"texture":"#1"},"west":{"uv":[3.5,11.5,4,12],"texture":"#1"},"up":{"uv":[11,3,8.5,2.5],"texture":"#1"},"down":{"uv":[11,3,8.5,3.5],"texture":"#1"}}},{"from":[5.4,0,7.5],"to":[11.35,0.75,8.75],"rotation":{"angle":0,"axis":"y","origin":[8.375,4.6125,14.575]},"faces":{"north":{"uv":[6.5,4,9.5,4.5],"texture":"#1"},"east":{"uv":[11.5,3.5,12,4],"texture":"#1"},"south":{"uv":[6.5,4.5,9.5,5],"texture":"#1"},"west":{"uv":[4,11.5,4.5,12],"texture":"#1"},"up":{"uv":[9.5,6,6.5,5.5],"texture":"#1"},"down":{"uv":[9.5,6,6.5,6.5],"texture":"#1"}}},{"from":[10.25,1.35,7.3],"to":[11,2.9,8.25],"rotation":{"angle":0,"axis":"y","origin":[8.375,4.6125,14.575]},"faces":{"north":{"uv":[11.5,4,12,4.5],"texture":"#1"},"east":{"uv":[4.5,11.5,5,12],"texture":"#1"},"south":{"uv":[11.5,4.5,12,5],"texture":"#1"},"west":{"uv":[5,11.5,5.5,12],"texture":"#1"},"up":{"uv":[12,5.5,11.5,5],"texture":"#1"},"down":{"uv":[6,11.5,5.5,12],"texture":"#1"}}},{"from":[9.5,0.5,7.25],"to":[10.5,1.5,8.65],"rotation":{"angle":0,"axis":"y","origin":[8.375,4.6125,14.575]},"faces":{"north":{"uv":[11.5,5.5,12,6],"texture":"#1"},"east":{"uv":[6,11.5,6.5,12],"texture":"#1"},"south":{"uv":[11.5,6,12,6.5],"texture":"#1"},"west":{"uv":[6.5,11.5,7,12],"texture":"#1"},"up":{"uv":[12,7,11.5,6.5],"texture":"#1"},"down":{"uv":[7.5,11.5,7,12],"texture":"#1"}}},{"from":[5.75,1.35,7.3],"to":[6.5,2.9,8.25],"rotation":{"angle":0,"axis":"y","origin":[7.625,4.6125,14.575]},"faces":{"north":{"uv":[11.5,7,12,7.5],"texture":"#1"},"east":{"uv":[7.5,11.5,8,12],"texture":"#1"},"south":{"uv":[11.5,7.5,12,8],"texture":"#1"},"west":{"uv":[8,11.5,8.5,12],"texture":"#1"},"up":{"uv":[12,8.5,11.5,8],"texture":"#1"},"down":{"uv":[9,11.5,8.5,12],"texture":"#1"}}},{"from":[6.25,0.5,7.25],"to":[7.25,1.5,8.75],"rotation":{"angle":0,"axis":"y","origin":[7.625,4.6125,14.575]},"faces":{"north":{"uv":[11.5,8.5,12,9],"texture":"#1"},"east":{"uv":[11,2.5,12,3],"texture":"#1"},"south":{"uv":[9,11.5,9.5,12],"texture":"#1"},"west":{"uv":[3,11,4,11.5],"texture":"#1"},"up":{"uv":[5.5,7,5,6],"texture":"#1"},"down":{"uv":[10,4,9.5,5],"texture":"#1"}}},{"from":[6.35,3.45,7.6],"to":[10.15,4,8.4],"faces":{"north":{"uv":[8.5,3.5,10.5,4],"texture":"#1"},"east":{"uv":[11.5,9,12,9.5],"texture":"#1"},"south":{"uv":[9,0.5,11,1],"texture":"#1"},"west":{"uv":[9.5,11.5,10,12],"texture":"#1"},"up":{"uv":[11,1.5,9,1],"texture":"#1"},"down":{"uv":[11,1.5,9,2],"texture":"#1"}}},{"from":[5.05,3.9,7.5],"to":[11.45,5.3,8.7],"faces":{"north":{"uv":[6.5,6.5,9.5,7],"texture":"#1"},"east":{"uv":[11.5,9.5,12,10],"texture":"#1"},"south":{"uv":[5,7,8,7.5],"texture":"#1"},"west":{"uv":[10,11.5,10.5,12],"texture":"#1"},"up":{"uv":[5,8,2,7.5],"texture":"#1"},"down":{"uv":[8,7.5,5,8],"texture":"#1"}}}],"display":{"thirdperson_righthand":{"translation":[-0.5,1.5,-0.75],"scale":[0.9043,0.69531,0.30273]},"thirdperson_lefthand":{"translation":[0.5,1.5,-0.75],"scale":[0.9043,0.69531,0.30273]},"firstperson_righthand":{"rotation":[-180,40.75,-180],"translation":[0,7.5,0]},"firstperson_lefthand":{"rotation":[-180,40.75,-180],"translation":[0,7.5,0]},"ground":{"translation":[0,7.25,0],"scale":[1,1,0.36523]},"gui":{"rotation":[-180,12.25,-180],"translation":[-1,4.5,0],"scale":[1.41602,1.41602,1.41602]},"head":{"translation":[-0.75,7.25,-8.25],"scale":[1.94141,1.72266,1.25977]},"fixed":{"translation":[-1,10.5,-1.75],"scale":[2.83594,2.83594,2.83594]}}}