{"credit":"MadewithBlockbench","textures":{"0":"discordia:mcdonalds/mcdonald","1":"discordia:mcdonalds/mcdonald_1","2":"discordia:mcdonalds/mcdonald_2","3":"discordia:mcdonalds/mcdonald_3","4":"discordia:mcdonalds/mcdonald_4","particle":"discordia:mcdonalds/mcdonald"},"elements":[{"from":[1,0,0.5],"to":[7,0.75,1.75],"faces":{"north":{"uv":[8,0.5,11,1],"texture":"#0"},"east":{"uv":[8,3.5,8.5,4],"texture":"#0"},"south":{"uv":[8,1,11,1.5],"texture":"#0"},"west":{"uv":[4,8,4.5,8.5],"texture":"#0"},"up":{"uv":[11,2,8,1.5],"texture":"#0"},"down":{"uv":[11,2,8,2.5],"texture":"#0"}}},{"from":[0,0,1.75],"to":[8,1,5],"faces":{"north":{"uv":[0,8,4,8.5],"texture":"#0"},"east":{"uv":[8,2.5,9.5,3],"texture":"#0"},"south":{"uv":[8,0,12,0.5],"texture":"#0"},"west":{"uv":[8,3,9.5,3.5],"texture":"#0"},"up":{"uv":[4,6,0,4.5],"texture":"#0"},"down":{"uv":[8,4.5,4,6],"texture":"#0"}}},{"from":[0,0.75,4],"to":[8,2.25,13],"faces":{"north":{"uv":[0,7,4,8],"texture":"#0"},"east":{"uv":[0,6,4.5,7],"texture":"#0"},"south":{"uv":[4,7,8,8],"texture":"#0"},"west":{"uv":[4.5,6,9,7],"texture":"#0"},"up":{"uv":[4,4.5,0,0],"texture":"#0"},"down":{"uv":[8,0,4,4.5],"texture":"#0"}}},{"from":[0.45,1,3],"to":[7.55,3.5,12.5],"faces":{"north":{"uv":[0,7,3.5,8.75],"texture":"#1"},"east":{"uv":[0,5,4.75,6.75],"texture":"#1"},"south":{"uv":[7,0,10.5,1.75],"texture":"#1"},"west":{"uv":[5,5,9.75,6.75],"texture":"#1"},"up":{"uv":[3.5,4.75,0,0],"texture":"#1"},"down":{"uv":[7,0,3.5,4.75],"texture":"#1"}}},{"from":[1.15,3.5,3.7],"to":[6.85,4.55,11.8],"faces":{"north":{"uv":[0,0,2.85,0.525],"texture":"#1"},"east":{"uv":[0,0,4.05,0.525],"texture":"#1"},"south":{"uv":[0,0,2.85,0.525],"texture":"#1"},"west":{"uv":[0,0,4.05,0.525],"texture":"#1"},"up":{"uv":[0,0,2.85,4.05],"texture":"#1"},"down":{"uv":[0,0,2.85,4.05],"texture":"#1"}}},{"from":[-0.7,-2.1,7.6],"to":[0.8,0.7,10.4],"faces":{"north":{"uv":[6,0,7,6],"texture":"#3"},"east":{"uv":[0,0,6,6],"texture":"#3"},"south":{"uv":[6,6,7,12],"texture":"#3"},"west":{"uv":[0,6,6,12],"texture":"#3"},"up":{"uv":[9,6,8,0],"texture":"#3"},"down":{"uv":[9,6,8,12],"texture":"#3"}}},{"from":[-0.3,0.65,8.3],"to":[-0.3,4.75,9.7],"faces":{"north":{"uv":[0,0,0,5],"texture":"#4"},"east":{"uv":[0,0,1,5],"texture":"#4"},"south":{"uv":[0,0,0,5],"texture":"#4"},"west":{"uv":[1,0,2,5],"texture":"#4"},"up":{"uv":[0,1,0,0],"texture":"#4"},"down":{"uv":[0,0,0,1],"texture":"#4"}}},{"from":[6.875,-2.1,7.6],"to":[8.625,0.7,10.4],"rotation":{"angle":0,"axis":"y","origin":[16,0,0]},"faces":{"north":{"uv":[7,0,6,6],"texture":"#3"},"east":{"uv":[6,6,0,12],"texture":"#3"},"south":{"uv":[7,6,6,12],"texture":"#3"},"west":{"uv":[6,0,0,6],"texture":"#3"},"up":{"uv":[8,6,9,0],"texture":"#3"},"down":{"uv":[8,6,9,12],"texture":"#3"}}},{"from":[8.3,0.65,8.3],"to":[8.3,4.75,9.7],"rotation":{"angle":0,"axis":"y","origin":[16,0,0]},"faces":{"north":{"uv":[0,0,0,5],"texture":"#4"},"east":{"uv":[2,0,1,5],"texture":"#4"},"south":{"uv":[0,0,0,5],"texture":"#4"},"west":{"uv":[1,0,0,5],"texture":"#4"},"up":{"uv":[0,1,0,0],"texture":"#4"},"down":{"uv":[0,0,0,1],"texture":"#4"}}},{"from":[-0.3,4.725,8.3],"to":[8.275,4.725,9.7],"rotation":{"angle":0,"axis":"z","origin":[-0.45,2.975,9]},"faces":{"north":{"uv":[0,0,0,5],"rotation":270,"texture":"#4"},"east":{"uv":[0,1,0,0],"rotation":90,"texture":"#4"},"south":{"uv":[0,0,0,5],"rotation":90,"texture":"#4"},"west":{"uv":[0,0,0,1],"rotation":90,"texture":"#4"},"up":{"uv":[1,0,2,5],"rotation":90,"texture":"#4"},"down":{"uv":[0,0,1,5],"rotation":90,"texture":"#4"}}},{"from":[2,2.25,2.95],"to":[5.75,4.75,2.95],"faces":{"north":{"uv":[0,0.05,5,4.9],"texture":"#2"},"east":{"uv":[0,0,0,5],"texture":"#2"},"south":{"uv":[5,0.1,0.1,5],"texture":"#2"},"west":{"uv":[0,0,0,5],"texture":"#2"},"up":{"uv":[8,0,0,0],"texture":"#2"},"down":{"uv":[8,0,0,0],"texture":"#2"}}},{"from":[-0.675,-2,2.075],"to":[-0.675,-1,8.1],"rotation":{"angle":-22.5,"axis":"x","origin":[-0.675,-1.5,7.4625]},"faces":{"north":{"uv":[0,0,0,1],"texture":"#missing"},"east":{"uv":[0,0,6.025,1],"texture":"#3"},"south":{"uv":[0,0,0,1],"texture":"#missing"},"west":{"uv":[0,0,6.025,1],"texture":"#3"},"up":{"uv":[0,0,0,6.025],"texture":"#missing"},"down":{"uv":[0,0,0,6.025],"texture":"#missing"}}},{"from":[-0.6875,-4.18387,2.56829],"to":[2.0875,-3.18387,2.56829],"rotation":{"angle":0,"axis":"y","origin":[-0.675,-2.40887,5.26829]},"faces":{"north":{"uv":[0,0,2.775,1],"texture":"#3"},"east":{"uv":[0,0,0,1],"texture":"#missing"},"south":{"uv":[0,0,2.775,1],"texture":"#3"},"west":{"uv":[0,0,0,1],"texture":"#missing"},"up":{"uv":[0,0,0,2.775],"rotation":90,"texture":"#missing"},"down":{"uv":[0,0,0,2.775],"rotation":270,"texture":"#missing"}}}],"display":{"thirdperson_righthand":{"translation":[1.75,5.5,-1.5],"scale":[0.55688,0.65063,0.55688]},"thirdperson_lefthand":{"translation":[-1.5,5.5,-1.5],"scale":[0.55688,0.65063,0.55688]},"firstperson_righthand":{"rotation":[0,100,0],"translation":[-0.75,6.75,-0.75],"scale":[0.52734,0.52734,0.52734]},"firstperson_lefthand":{"rotation":[0,100,0],"translation":[-0.75,7.75,4.5],"scale":[0.52734,0.52734,0.52734]},"ground":{"translation":[3.75,8,0.5]},"gui":{"rotation":[0,148,0],"translation":[-4.75,9.5,0],"scale":[1.3457,1.3457,1.3457]},"head":{"translation":[7.75,16,-0.25],"scale":[1.91016,1.91016,1.59961]},"fixed":{"rotation":[-90,0,0],"translation":[12,1.75,-30.5],"scale":[2.58984,2.58984,2.58984]}}}