{"credit":"magic_store_official","texture_size":[64,64],"textures":{"0":"magic_store:cosmetics/random_cosmetic_v1_behind/random_cosmetic_v1_behind_chest","particle":"magic_store:cosmetics/random_cosmetic_v1_behind/random_cosmetic_v1_behind_chest"},"elements":[{"from":[-1,0,4],"to":[17,5,13],"faces":{"north":{"uv":[4.5,2.25,9,3.5],"texture":"#0"},"east":{"uv":[0,6.75,2.25,8],"texture":"#0"},"south":{"uv":[4.5,2.25,9,3.5],"texture":"#0"},"west":{"uv":[0,6.75,2.25,8],"texture":"#0"},"up":{"uv":[4.5,2.25,0,0],"texture":"#0"},"down":{"uv":[4.5,2.25,0,4.5],"texture":"#0"}}},{"from":[-1,5,4],"to":[17,10,13],"rotation":{"angle":22.5,"axis":"x","origin":[8,5,13]},"faces":{"north":{"uv":[4.5,4.75,9,6],"texture":"#0"},"east":{"uv":[4.5,6,6.75,7.25],"texture":"#0"},"south":{"uv":[4.5,4.75,9,6],"texture":"#0"},"west":{"uv":[4.5,6,6.75,7.25],"texture":"#0"},"up":{"uv":[4.5,6.75,0,4.5],"texture":"#0"},"down":{"uv":[9,0,4.5,2.25],"texture":"#0"}}},{"from":[6,4,3],"to":[10,7,4],"rotation":{"angle":22.5,"axis":"x","origin":[8,5,13]},"faces":{"north":{"uv":[4.5,7.75,5.5,8.5],"texture":"#0"},"east":{"uv":[4.5,7.75,4.75,8.5],"texture":"#0"},"south":{"uv":[4.5,7.75,5.5,8.5],"texture":"#0"},"west":{"uv":[4.5,7.75,4.75,8.5],"texture":"#0"},"up":{"uv":[4.5,7.75,5.5,8],"texture":"#0"},"down":{"uv":[4.5,8.25,5.5,8.5],"texture":"#0"}}},{"from":[4,-1,12.25],"to":[5,11,17.25],"faces":{"north":{"uv":[0,5,0.25,8],"texture":"#0"},"south":{"uv":[0,5,0.25,8],"texture":"#0"},"up":{"uv":[0,5,0.25,6.25],"texture":"#0"},"down":{"uv":[0,6.75,0.25,8],"texture":"#0"}}},{"from":[11,-1,12.25],"to":[12,11,17.25],"faces":{"north":{"uv":[0,5,0.25,8],"texture":"#0"},"south":{"uv":[0,5,0.25,8],"texture":"#0"},"up":{"uv":[0,5,0.25,6.25],"texture":"#0"},"down":{"uv":[0,6.75,0.25,8],"texture":"#0"}}}],"display":{"thirdperson_righthand":{"rotation":[49,36,0],"translation":[-0.5,3,0.5],"scale":[0.35,0.35,0.35]},"thirdperson_lefthand":{"rotation":[49,36,0],"translation":[-0.5,3,0.5],"scale":[0.35,0.35,0.35]},"firstperson_righthand":{"scale":[0,0,0]},"firstperson_lefthand":{"scale":[0,0,0]},"ground":{"translation":[0,5.5,0],"scale":[0.4,0.4,0.4]},"gui":{"rotation":[25,-32,0],"translation":[0.75,1,0],"scale":[0.6,0.6,0.6]},"head":{"rotation":[-175.25,0,180],"translation":[0,-9.5,11.25],"scale":[1.61,1.61,1.61]}}}