{"credit":"Made with Blockbench","texture_size":[128,128],"textures":{"0":"zencraft:mochillis/ground_bag","particle":"zencraft:mochillis/ground_bag"},"elements":[{"name":"scout_bag","from":[0.8,0,2.8],"to":[13.2,12.4,12.2],"rotation":{"angle":-22.5,"axis":"y","origin":[7,9.175,10.3]},"faces":{"north":{"uv":[4.5,1.5,6,3],"texture":"#0"},"east":{"uv":[8.625,0,7.5,1.5],"texture":"#0"},"south":{"uv":[4.5,1.5,6,3],"texture":"#0"},"west":{"uv":[7.5,0,8.625,1.5],"texture":"#0"},"up":{"uv":[9,2.625,7.5,1.5],"texture":"#0"},"down":{"uv":[8.25,7.625,6.75,8.75],"texture":"#0"}}},{"name":"scout_bag","from":[0,11,11],"to":[14,16,16],"rotation":{"angle":-22.5,"axis":"y","origin":[7,9.175,10.3]},"faces":{"north":{"uv":[9,1,10.75,1.625],"texture":"#0"},"east":{"uv":[7.5,2.625,8.125,3.25],"texture":"#0"},"south":{"uv":[9,1,10.75,1.625],"texture":"#0"},"west":{"uv":[7.5,2.625,8.125,3.25],"texture":"#0"},"up":{"uv":[10.75,1.625,9,1],"texture":"#0"},"down":{"uv":[10.75,1,9,1.625],"texture":"#0"}}},{"name":"scout_bag","from":[2,12,3.1],"to":[12,15,11.1],"rotation":{"angle":-22.5,"axis":"y","origin":[7,9.175,10.3]},"faces":{"north":{"uv":[8.25,4.625,9.5,5],"texture":"#0"},"east":{"uv":[3.75,10,4.75,10.375],"texture":"#0"},"south":{"uv":[0,10.25,1.25,10.625],"texture":"#0"},"west":{"uv":[1.25,10.5,2.25,10.875],"texture":"#0"},"up":{"uv":[6.625,9.75,5.375,8.75],"texture":"#0"},"down":{"uv":[7.875,8.75,6.625,9.75],"texture":"#0"}}},{"name":"scout_bag","from":[2,0,12.1],"to":[12,7,14.1],"rotation":{"angle":-22.5,"axis":"y","origin":[7,9.175,10.3]},"faces":{"north":{"uv":[0,9.375,1.25,10.25],"texture":"#0"},"east":{"uv":[7.875,8.75,8.125,9.625],"texture":"#0"},"south":{"uv":[9.625,7.625,10.875,8.5],"texture":"#0"},"west":{"uv":[8.625,10.375,8.875,11.25],"texture":"#0"},"up":{"uv":[11,4.625,9.75,4.375],"texture":"#0"},"down":{"uv":[7.125,10.5,5.875,10.75],"texture":"#0"}}}],"display":{"thirdperson_righthand":{"translation":[0,0.75,-1.25],"scale":[0.3,0.3,0.3]},"thirdperson_lefthand":{"translation":[0,0.75,-1.25],"scale":[0.3,0.3,0.3]},"firstperson_righthand":{"translation":[0,0.75,-1.25],"scale":[0.3,0.3,0.3]},"firstperson_lefthand":{"translation":[0,0.75,-1.25],"scale":[0.3,0.3,0.3]},"ground":{"translation":[0,1.5,0],"scale":[0.5,0.5,0.5]},"gui":{"rotation":[47,-20,0],"translation":[0.75,0.75,0],"scale":[0.3,0.3,0.3]},"head":{"rotation":[0,23,0],"translation":[0,-11.5,7.25]},"fixed":{"rotation":[-90,0,0],"translation":[0,0,-8.75]}}}