{"parent":"minecraft:item/handheld","textures":{"layer0":"minecraft:item/diamond_pickaxe"},"overrides":[{"predicate":{"custom_model_data":10008},"model":"jeqo:dragon_set/black/black_dragon_pickaxe"},{"predicate":{"custom_model_data":10009},"model":"jeqo:dragon_set/blue/blue_dragon_pickaxe"},{"predicate":{"custom_model_data":10010},"model":"jeqo:dragon_set/green/green_dragon_pickaxe"},{"predicate":{"custom_model_data":10011},"model":"jeqo:dragon_set/orange/orange_dragon_pickaxe"},{"predicate":{"custom_model_data":10012},"model":"jeqo:dragon_set/purple/purple_dragon_pickaxe"},{"predicate":{"custom_model_data":10013},"model":"jeqo:dragon_set/red/red_dragon_pickaxe"},{"predicate":{"custom_model_data":10014},"model":"item/diamond_pickaxe"}]}