{"parent":"item/generated","textures":{"layer0":"item/feather"},"display":{"head":{"rotation":[0,0,45],"translation":[-1,13,7],"scale":[1,1,1]}},"overrides":[{"predicate":{"custom_model_data":10037},"model":"demoprojects_cosmetics:eevee_hat"},{"predicate":{"custom_model_data":10038},"model":"demoprojects_cosmetics:eevee_tail"},{"predicate":{"custom_model_data":10039},"model":"demoprojects_cosmetics:espeon_hat"},{"predicate":{"custom_model_data":10040},"model":"demoprojects_cosmetics:espeon_tail"},{"predicate":{"custom_model_data":10041},"model":"demoprojects_cosmetics:flareon_hat"},{"predicate":{"custom_model_data":10042},"model":"demoprojects_cosmetics:flareon_tail"},{"predicate":{"custom_model_data":10043},"model":"demoprojects_cosmetics:glaceon_hat"},{"predicate":{"custom_model_data":10044},"model":"demoprojects_cosmetics:glaceon_tail"},{"predicate":{"custom_model_data":10045},"model":"demoprojects_cosmetics:jolteon_hat"},{"predicate":{"custom_model_data":10046},"model":"demoprojects_cosmetics:leafeon_hat"},{"predicate":{"custom_model_data":10047},"model":"demoprojects_cosmetics:leafeon_tail"},{"predicate":{"custom_model_data":10048},"model":"demoprojects_cosmetics:sylveon_hat"},{"predicate":{"custom_model_data":10049},"model":"demoprojects_cosmetics:sylveon_tail"},{"predicate":{"custom_model_data":10050},"model":"demoprojects_cosmetics:umbreon_hat"},{"predicate":{"custom_model_data":10051},"model":"demoprojects_cosmetics:umbreon_tail"},{"predicate":{"custom_model_data":10052},"model":"demoprojects_cosmetics:vaporeon_hat"},{"predicate":{"custom_model_data":10053},"model":"demoprojects_cosmetics:vaporeon_tail"},{"predicate":{"custom_model_data":10054},"model":"item/feather"}]}