{"parent":"minecraft:item/generated","textures":{"layer0":"minecraft:block/tripwire_hook"},"overrides":[{"predicate":{"custom_model_data":10000},"model":"zencraft:crates/toffy_key_black"},{"predicate":{"custom_model_data":10001},"model":"zencraft:crates/toffy_key_blue"},{"predicate":{"custom_model_data":10002},"model":"zencraft:crates/toffy_key_cinder"},{"predicate":{"custom_model_data":10003},"model":"zencraft:crates/toffy_key_green"},{"predicate":{"custom_model_data":10004},"model":"zencraft:crates/toffy_key_purple"},{"predicate":{"custom_model_data":10005},"model":"zencraft:crates/toffy_key_red"},{"predicate":{"custom_model_data":10006},"model":"zencraft:crates/toffy_key_viking"},{"predicate":{"custom_model_data":10007},"model":"item/tripwire_hook"}]}