{"credit":"Made with Blockbench","textures":{"0":"reddragonset:key","1":"reddragonset:fire","particle":"reddragonset:fire"},"elements":[{"name":"octagon","from":[1.78097,10.55859,7.2],"to":[3.76919,15.35859,8.8],"rotation":{"angle":-45,"axis":"z","origin":[6.125,8,8]},"faces":{"north":{"uv":[2.66667,2.66667,1.33333,6],"texture":"#0"},"south":{"uv":[1.33333,6,0,2.66667],"rotation":180,"texture":"#0"},"up":{"uv":[10.66667,8,12,9],"rotation":180,"texture":"#0"},"down":{"uv":[10.66667,6.66667,12,7.66667],"texture":"#0"}}},{"name":"octagon","from":[4.8625,12.88089,7.2],"to":[9.6625,14.86911,8.8],"rotation":{"angle":0,"axis":"z","origin":[6.125,8,8]},"faces":{"north":{"uv":[5.33333,2.66667,4,6],"rotation":270,"texture":"#0"},"east":{"uv":[10.66667,10.66667,12,11.66667],"rotation":270,"texture":"#0"},"south":{"uv":[4,6,2.66667,2.66667],"rotation":270,"texture":"#0"},"west":{"uv":[10.66667,9.33333,12,10.33333],"rotation":90,"texture":"#0"}}},{"name":"octagon","from":[0.37508,11.96448,7.2],"to":[5.17508,13.9527,8.8],"rotation":{"angle":-45,"axis":"z","origin":[6.125,8,8]},"faces":{"north":{"uv":[8.66667,4,5.33333,5.33333],"texture":"#0"},"east":{"uv":[11.33333,1.33333,12.66667,2.33333],"rotation":270,"texture":"#0"},"south":{"uv":[8.66667,4,5.33333,2.66667],"rotation":180,"texture":"#0"},"west":{"uv":[11.33333,0,12.66667,1],"rotation":90,"texture":"#0"}}},{"name":"octagon","from":[6.26839,11.475,7.2],"to":[8.25661,16.275,8.8],"rotation":{"angle":0,"axis":"z","origin":[6.125,8,8]},"faces":{"north":{"uv":[3.33333,6,0,7.33333],"rotation":270,"texture":"#0"},"south":{"uv":[8.66667,6.66667,5.33333,5.33333],"rotation":270,"texture":"#0"},"up":{"uv":[2,11.33333,3.33333,12.33333],"rotation":180,"texture":"#0"},"down":{"uv":[3.33333,11.33333,4.66667,12.33333],"texture":"#0"}}},{"name":"octagon","from":[1.68765,12.52104,6.92],"to":[8.16765,15.20514,9.08],"rotation":{"angle":-22.5,"axis":"z","origin":[6.125,8,8]},"faces":{"north":{"uv":[5.33333,2.66667,4,6],"rotation":270,"texture":"#0"},"east":{"uv":[10.66667,10.66667,12,11.66667],"rotation":270,"texture":"#0"},"south":{"uv":[4,6,2.66667,2.66667],"rotation":270,"texture":"#0"},"west":{"uv":[10.66667,9.33333,12,10.33333],"rotation":90,"texture":"#0"}}},{"name":"octagon","from":[8.08213,9.75249,6.92],"to":[10.76623,16.23249,9.08],"rotation":{"angle":22.5,"axis":"z","origin":[6.125,8,8]},"faces":{"north":{"uv":[8.66667,4,5.33333,5.33333],"rotation":270,"texture":"#0"},"south":{"uv":[8.66667,4,5.33333,2.66667],"rotation":270,"texture":"#0"},"up":{"uv":[11.33333,0,12.66667,1],"rotation":180,"texture":"#0"},"down":{"uv":[11.33333,1.33333,12.66667,2.33333],"texture":"#0"}}},{"name":"octagon","from":[3.5856,10.62309,6.92],"to":[6.2697,17.10309,9.08],"rotation":{"angle":-22.5,"axis":"z","origin":[6.125,8,8]},"faces":{"north":{"uv":[3.33333,6,0,7.33333],"rotation":270,"texture":"#0"},"south":{"uv":[8.66667,6.66667,5.33333,5.33333],"rotation":270,"texture":"#0"},"up":{"uv":[2,11.33333,3.33333,12.33333],"rotation":180,"texture":"#0"},"down":{"uv":[3.33333,11.33333,4.66667,12.33333],"texture":"#0"}}},{"name":"octagon","from":[6.18418,11.65044,6.92],"to":[12.66418,14.33454,9.08],"rotation":{"angle":22.5,"axis":"z","origin":[6.125,8,8]},"faces":{"north":{"uv":[2.66667,2.66667,1.33333,6],"rotation":270,"texture":"#0"},"east":{"uv":[10.66667,8,12,9],"rotation":270,"texture":"#0"},"south":{"uv":[1.33333,6,0,2.66667],"rotation":270,"texture":"#0"},"west":{"uv":[10.66667,6.66667,12,7.66667],"rotation":90,"texture":"#0"}}},{"name":"octagon","from":[6.11839,9.475,6.95],"to":[8.40661,10.275,9.05],"rotation":{"angle":0,"axis":"z","origin":[6.125,8,8]},"faces":{"north":{"uv":[8.66667,11.33333,8,13],"rotation":270,"texture":"#0"},"east":{"uv":[8.66667,11.33333,9.33333,12.66667],"rotation":270,"texture":"#0"},"south":{"uv":[8,13,7.33333,11.33333],"rotation":270,"texture":"#0"},"west":{"uv":[6,10,6.66667,11.33333],"rotation":90,"texture":"#0"},"up":{"uv":[2,10,3.66667,11.33333],"rotation":180,"texture":"#0"},"down":{"uv":[4,10,5.66667,11.33333],"texture":"#0"}}},{"name":"octagon","from":[6.36839,8.475,7.2],"to":[8.15661,9.275,8.8],"rotation":{"angle":0,"axis":"z","origin":[6.125,8,8]},"faces":{"north":{"uv":[10.66667,11.33333,10,12.66667],"rotation":270,"texture":"#0"},"east":{"uv":[0.66667,12,1.33333,13],"rotation":270,"texture":"#0"},"south":{"uv":[10,12.66667,9.33333,11.33333],"rotation":270,"texture":"#0"},"west":{"uv":[0,12,0.66667,13],"rotation":90,"texture":"#0"},"up":{"uv":[4.66667,11.33333,6,12.33333],"rotation":180,"texture":"#0"},"down":{"uv":[6,11.33333,7.33333,12.33333],"texture":"#0"}}},{"name":"octagon","from":[6.6625,-0.275,7.4],"to":[7.8625,11.525,8.6],"rotation":{"angle":0,"axis":"z","origin":[6.125,8,8]},"faces":{"north":{"uv":[8,2,0,2.66667],"rotation":270,"texture":"#0"},"east":{"uv":[0,0.66667,8,1.33333],"rotation":270,"texture":"#0"},"south":{"uv":[8,2,0,1.33333],"rotation":270,"texture":"#0"},"west":{"uv":[0,0,8,0.66667],"rotation":90,"texture":"#0"},"down":{"uv":[1.33333,12,2,12.66667],"texture":"#0","cullface":"west"}}},{"name":"octagon","from":[5.4125,1.225,7.65],"to":[6.1125,3.025,8.35],"rotation":{"angle":0,"axis":"z","origin":[6.125,8,8]},"faces":{"north":{"uv":[13.33333,8.66667,12,9],"rotation":270,"texture":"#0"},"south":{"uv":[13.33333,8.33333,12,8],"rotation":270,"texture":"#0"},"up":{"uv":[11.33333,12,11.66667,12.33333],"rotation":180,"texture":"#0"},"down":{"uv":[12,11.33333,12.33333,11.66667],"texture":"#0","cullface":"west"}}},{"name":"octagon","from":[6.0125,0.725,7.55],"to":[6.7125,3.525,8.45],"rotation":{"angle":0,"axis":"z","origin":[6.125,8,8]},"faces":{"north":{"uv":[14,3.33333,12,3.66667],"rotation":270,"texture":"#0"},"south":{"uv":[14,3,12,2.66667],"rotation":270,"texture":"#0"},"west":{"uv":[3.33333,8,5.33333,8.66667],"rotation":90,"texture":"#0"},"up":{"uv":[10.66667,12,11,12.66667],"rotation":180,"texture":"#0"},"down":{"uv":[12,10.66667,12.33333,11.33333],"texture":"#0","cullface":"west"}}},{"name":"octagon","from":[4.5125,0.225,7.4],"to":[5.4625,4.025,8.6],"rotation":{"angle":0,"axis":"z","origin":[6.125,8,8]},"faces":{"north":{"uv":[13.33333,5.33333,10.66667,6],"rotation":270,"texture":"#0"},"east":{"uv":[10.66667,4,13.33333,4.66667],"rotation":270,"texture":"#0"},"south":{"uv":[13.33333,5.33333,10.66667,4.66667],"rotation":270,"texture":"#0"},"west":{"uv":[8.66667,6,11.33333,6.66667],"rotation":90,"texture":"#0"},"up":{"uv":[12,9.33333,12.66667,10],"rotation":180,"texture":"#0"},"down":{"uv":[12,10,12.66667,10.66667],"texture":"#0","cullface":"west"}}},{"from":[4.67769,10.47505,8],"to":[10.67769,16.47505,8],"rotation":{"angle":-45,"axis":"z","origin":[8.17769,13.97505,8]},"faces":{"north":{"uv":[16,0,0,16],"texture":"#1"},"east":{"uv":[0,0,0,23],"texture":"#1"},"south":{"uv":[0,0,16,16],"texture":"#1"},"west":{"uv":[0,0,0,23],"texture":"#1"},"up":{"uv":[15.5,0,0,0],"texture":"#1"},"down":{"uv":[15.5,0,0,0],"texture":"#1"}}}],"gui_light":"front","display":{"thirdperson_righthand":{"rotation":[-180,90,0],"translation":[0.25,2.25,2.25],"scale":[0.44648,0.44648,0.44648]},"thirdperson_lefthand":{"rotation":[-180,90,0],"translation":[0.25,2.25,2.25],"scale":[0.44648,0.44648,0.44648]},"firstperson_righthand":{"rotation":[163.51,-79.68,66.9],"translation":[2.25,1.5,-1],"scale":[0.59102,0.59102,0.59102]},"firstperson_lefthand":{"rotation":[163.51,-79.68,66.9],"translation":[2.25,1.5,-1],"scale":[0.59102,0.59102,0.59102]},"ground":{"translation":[0,1.25,0],"scale":[0.5,0.5,0.5]},"gui":{"rotation":[0,0,-45],"translation":[0.25,-1,0],"scale":[0.80898,0.80898,0.80898]},"head":{"translation":[0,14.75,-0.75],"scale":[0,0,0]},"fixed":{"translation":[1.5,-1,-1.25],"scale":[1.27539,1.27539,1.27539]}}}