{"credit":"Made with Blockbench","texture_size":[36,36],"textures":{"1":"reddragonset:fire","2":"reddragonset:wings","particle":"reddragonset:wings"},"elements":[{"from":[9.04525,12.53624,4.09],"to":[10.93525,14.42624,5.98],"rotation":{"angle":22.5,"axis":"z","origin":[17.34172,11.62072,5.05]},"faces":{"north":{"uv":[10.66667,10.66667,9.77778,11.55556],"texture":"#2"},"east":{"uv":[12.44444,8,11.55556,8.88889],"texture":"#2"},"south":{"uv":[12.44444,7.11111,11.55556,8],"texture":"#2"},"west":{"uv":[11.55556,10.66667,10.66667,11.55556],"texture":"#2"},"up":{"uv":[11.55556,9.77778,12.44444,8.88889],"texture":"#2"},"down":{"uv":[9.77778,11.55556,10.66667,12.44444],"texture":"#2"}}},{"from":[10.40278,10.09997,4.279],"to":[16.07278,11.61197,5.791],"rotation":{"angle":0,"axis":"z","origin":[17.34172,11.62072,5.05]},"faces":{"north":{"uv":[12.33333,0,9.77778,0.66667],"texture":"#2"},"east":{"uv":[12.22222,12,11.55556,12.66667],"texture":"#2"},"south":{"uv":[12.33333,0.88889,9.77778,1.55556],"texture":"#2"},"west":{"uv":[11.33333,12,10.66667,12.66667],"texture":"#2"},"up":{"uv":[9.77778,2.44444,12.33333,1.77778],"texture":"#2"},"down":{"uv":[9.77778,2.66667,12.33333,3.33333],"texture":"#2"}}},{"from":[15.02536,10.85324,4.468],"to":[16.15936,14.00324,5.602],"rotation":{"angle":0,"axis":"z","origin":[17.34172,11.62072,5.05]},"faces":{"north":{"uv":[10.33333,7.11111,9.77778,8.55556],"texture":"#2"},"east":{"uv":[11.22222,8.88889,10.66667,10.33333],"texture":"#2"},"south":{"uv":[11.22222,7.11111,10.66667,8.55556],"texture":"#2"},"west":{"uv":[10.33333,8.88889,9.77778,10.33333],"texture":"#2"},"up":{"uv":[12.44444,0.55556,13,0],"texture":"#2"},"down":{"uv":[12.44444,0.88889,13,1.44444],"texture":"#2"}}},{"from":[17.28896,13.9738,4.594],"to":[18.17096,18.3838,5.476],"rotation":{"angle":45,"axis":"z","origin":[17.34172,11.62072,5.05]},"faces":{"north":{"uv":[11.77778,5.33333,9.77778,5.77778],"rotation":270,"texture":"#2"},"east":{"uv":[9.77778,6.66667,11.77778,6.22222],"rotation":90,"texture":"#2"},"south":{"uv":[11.77778,5.77778,9.77778,6.22222],"rotation":90,"texture":"#2"},"west":{"uv":[9.77778,6.66667,11.77778,7.11111],"rotation":90,"texture":"#2"},"up":{"uv":[12.44444,6.66667,12,7.11111],"rotation":90,"texture":"#2"},"down":{"uv":[12.88889,1.77778,12.44444,2.22222],"rotation":90,"texture":"#2"}}},{"from":[12.9594,16.01268,4.657],"to":[19.1694,16.76868,5.413],"rotation":{"angle":0,"axis":"z","origin":[17.34172,11.62072,5.05]},"faces":{"north":{"uv":[12.55556,3.55556,9.77778,3.88889],"texture":"#2"},"east":{"uv":[12.77778,2.66667,12.44444,3],"texture":"#2"},"south":{"uv":[12.55556,4,9.77778,4.33333],"texture":"#2"},"west":{"uv":[12.77778,2.22222,12.44444,2.55556],"texture":"#2"},"up":{"uv":[9.77778,4.77778,12.55556,4.44444],"texture":"#2"},"down":{"uv":[9.77778,4.88889,12.55556,5.22222],"texture":"#2"}}},{"from":[23.26806,4.65532,4.81],"to":[23.71806,9.86682,5.26],"rotation":{"angle":45,"axis":"z","origin":[17.34172,11.62072,5.05]},"faces":{"north":{"uv":[13.88889,11.11111,11.55556,11.33333],"rotation":270,"texture":"#2"},"east":{"uv":[12,6,14.33333,5.77778],"rotation":90,"texture":"#2"},"south":{"uv":[14.33333,5.33333,12,5.55556],"rotation":90,"texture":"#2"},"west":{"uv":[12,6.22222,14.33333,6.44444],"rotation":90,"texture":"#2"},"up":{"uv":[12.66667,7.11111,12.44444,7.33333],"rotation":90,"texture":"#2"},"down":{"uv":[12.66667,7.55556,12.44444,7.77778],"rotation":90,"texture":"#2"}}},{"from":[17.00025,16.30933,4.72],"to":[21.41025,16.93933,5.35],"rotation":{"angle":-22.5,"axis":"z","origin":[17.34172,11.62072,5.05]},"faces":{"north":{"uv":[13.55556,9.77778,11.55556,10.11111],"texture":"#2"},"east":{"uv":[12.77778,6.66667,12.44444,7],"texture":"#2"},"south":{"uv":[13.55556,10.22222,11.55556,10.55556],"texture":"#2"},"west":{"uv":[12.77778,3.11111,12.44444,3.44444],"texture":"#2"},"up":{"uv":[10.66667,11.88889,12.66667,11.55556],"texture":"#2"},"down":{"uv":[11.55556,10.66667,13.55556,11],"texture":"#2"}}},{"from":[7.27731,8.76176,5],"to":[14.27731,15.76176,5],"rotation":{"angle":0,"axis":"z","origin":[17.34172,11.62072,5.05]},"faces":{"north":{"uv":[0,0,16,16],"texture":"#1"},"east":{"uv":[0,0,0,10.22222],"texture":"#1"},"south":{"uv":[16,0,0,16],"texture":"#1"},"west":{"uv":[0,0,0,10.22222],"texture":"#1"},"up":{"uv":[0,0,6.88889,0],"texture":"#1"},"down":{"uv":[0,0,6.88889,0],"texture":"#1"}}},{"from":[8.8202,0.05465,5.1],"to":[14.8202,6.05465,5.1],"rotation":{"angle":22.5,"axis":"z","origin":[11.3202,2.55465,5.1]},"faces":{"north":{"uv":[0,0,16,16],"rotation":270,"texture":"#1"},"east":{"uv":[0,0,6.88889,0],"rotation":90,"texture":"#1"},"south":{"uv":[16,0,0,16],"rotation":90,"texture":"#1"},"west":{"uv":[0,0,6.88889,0],"rotation":90,"texture":"#1"},"up":{"uv":[0,0,0,10.22222],"rotation":90,"texture":"#1"},"down":{"uv":[0,0,0,10.22222],"rotation":90,"texture":"#1"}}},{"from":[1.1798,0.05465,5.1],"to":[7.1798,6.05465,5.1],"rotation":{"angle":-22.5,"axis":"z","origin":[4.6798,2.55465,5.1]},"faces":{"north":{"uv":[0,16,16,0],"rotation":270,"texture":"#1"},"east":{"uv":[0,0,6.88889,0],"rotation":90,"texture":"#1"},"south":{"uv":[16,16,0,0],"rotation":90,"texture":"#1"},"west":{"uv":[0,0,6.88889,0],"rotation":90,"texture":"#1"},"up":{"uv":[0,10.22222,0,0],"rotation":90,"texture":"#1"},"down":{"uv":[0,10.22222,0,0],"rotation":90,"texture":"#1"}}},{"from":[9.20783,0.48768,5.044],"to":[30.93813,18.19968,5.044],"rotation":{"angle":-22.5,"axis":"z","origin":[17.34172,11.62072,5.05]},"faces":{"north":{"uv":[9.66667,0,0,7.88889],"texture":"#2"},"east":{"uv":[0,0,0,7.88889],"texture":"#2"},"south":{"uv":[9.66667,8,0,15.88889],"texture":"#2"},"west":{"uv":[0,0,0,7.88889],"texture":"#2"},"up":{"uv":[0,0,9.66667,0],"texture":"#2"},"down":{"uv":[0,0,9.66667,0],"texture":"#2"}}},{"from":[5.06475,12.53624,4.09],"to":[6.95475,14.42624,5.98],"rotation":{"angle":-22.5,"axis":"z","origin":[-1.34172,11.62072,5.05]},"faces":{"north":{"uv":[9.77778,10.66667,10.66667,11.55556],"texture":"#2"},"east":{"uv":[10.66667,10.66667,11.55556,11.55556],"texture":"#2"},"south":{"uv":[11.55556,7.11111,12.44444,8],"texture":"#2"},"west":{"uv":[11.55556,8,12.44444,8.88889],"texture":"#2"},"up":{"uv":[12.44444,9.77778,11.55556,8.88889],"texture":"#2"},"down":{"uv":[10.66667,11.55556,9.77778,12.44444],"texture":"#2"}}},{"from":[-0.07278,10.09997,4.279],"to":[5.59722,11.61197,5.791],"rotation":{"angle":0,"axis":"z","origin":[-1.34172,11.62072,5.05]},"faces":{"north":{"uv":[9.77778,0,12.33333,0.66667],"texture":"#2"},"east":{"uv":[10.66667,12,11.33333,12.66667],"texture":"#2"},"south":{"uv":[9.77778,0.88889,12.33333,1.55556],"texture":"#2"},"west":{"uv":[11.55556,12,12.22222,12.66667],"texture":"#2"},"up":{"uv":[12.33333,2.44444,9.77778,1.77778],"texture":"#2"},"down":{"uv":[12.33333,2.66667,9.77778,3.33333],"texture":"#2"}}},{"from":[-0.15936,10.85324,4.468],"to":[0.97464,14.00324,5.602],"rotation":{"angle":0,"axis":"z","origin":[-1.34172,11.62072,5.05]},"faces":{"north":{"uv":[9.77778,7.11111,10.33333,8.55556],"texture":"#2"},"east":{"uv":[9.77778,8.88889,10.33333,10.33333],"texture":"#2"},"south":{"uv":[10.66667,7.11111,11.22222,8.55556],"texture":"#2"},"west":{"uv":[10.66667,8.88889,11.22222,10.33333],"texture":"#2"},"up":{"uv":[13,0.55556,12.44444,0],"texture":"#2"},"down":{"uv":[13,0.88889,12.44444,1.44444],"texture":"#2"}}},{"from":[-2.17096,13.9738,4.594],"to":[-1.28896,18.3838,5.476],"rotation":{"angle":-45,"axis":"z","origin":[-1.34172,11.62072,5.05]},"faces":{"north":{"uv":[9.77778,5.33333,11.77778,5.77778],"rotation":90,"texture":"#2"},"east":{"uv":[11.77778,6.66667,9.77778,7.11111],"rotation":270,"texture":"#2"},"south":{"uv":[9.77778,5.77778,11.77778,6.22222],"rotation":270,"texture":"#2"},"west":{"uv":[11.77778,6.66667,9.77778,6.22222],"rotation":270,"texture":"#2"},"up":{"uv":[12,6.66667,12.44444,7.11111],"rotation":270,"texture":"#2"},"down":{"uv":[12.44444,1.77778,12.88889,2.22222],"rotation":270,"texture":"#2"}}},{"from":[-3.1694,16.01268,4.657],"to":[3.0406,16.76868,5.413],"rotation":{"angle":0,"axis":"z","origin":[-1.34172,11.62072,5.05]},"faces":{"north":{"uv":[9.77778,3.55556,12.55556,3.88889],"texture":"#2"},"east":{"uv":[12.44444,2.22222,12.77778,2.55556],"texture":"#2"},"south":{"uv":[9.77778,4,12.55556,4.33333],"texture":"#2"},"west":{"uv":[12.44444,2.66667,12.77778,3],"texture":"#2"},"up":{"uv":[12.55556,4.77778,9.77778,4.44444],"texture":"#2"},"down":{"uv":[12.55556,4.88889,9.77778,5.22222],"texture":"#2"}}},{"from":[-7.71806,4.65532,4.81],"to":[-7.26806,9.86682,5.26],"rotation":{"angle":-45,"axis":"z","origin":[-1.34172,11.62072,5.05]},"faces":{"north":{"uv":[11.55556,11.11111,13.88889,11.33333],"rotation":90,"texture":"#2"},"east":{"uv":[14.33333,6.22222,12,6.44444],"rotation":270,"texture":"#2"},"south":{"uv":[12,5.33333,14.33333,5.55556],"rotation":270,"texture":"#2"},"west":{"uv":[14.33333,6,12,5.77778],"rotation":270,"texture":"#2"},"up":{"uv":[12.44444,7.11111,12.66667,7.33333],"rotation":270,"texture":"#2"},"down":{"uv":[12.44444,7.55556,12.66667,7.77778],"rotation":270,"texture":"#2"}}},{"from":[-5.41025,16.30933,4.72],"to":[-1.00025,16.93933,5.35],"rotation":{"angle":22.5,"axis":"z","origin":[-1.34172,11.62072,5.05]},"faces":{"north":{"uv":[11.55556,9.77778,13.55556,10.11111],"texture":"#2"},"east":{"uv":[12.44444,3.11111,12.77778,3.44444],"texture":"#2"},"south":{"uv":[11.55556,10.22222,13.55556,10.55556],"texture":"#2"},"west":{"uv":[12.44444,6.66667,12.77778,7],"texture":"#2"},"up":{"uv":[12.66667,11.88889,10.66667,11.55556],"texture":"#2"},"down":{"uv":[13.55556,10.66667,11.55556,11],"texture":"#2"}}},{"from":[-14.93813,0.48768,5.044],"to":[6.79217,18.19968,5.044],"rotation":{"angle":22.5,"axis":"z","origin":[-1.34172,11.62072,5.05]},"faces":{"north":{"uv":[0,0,9.66667,7.88889],"texture":"#2"},"east":{"uv":[0,0,0,7.88889],"texture":"#2"},"south":{"uv":[0,8,9.66667,15.88889],"texture":"#2"},"west":{"uv":[0,0,0,7.88889],"texture":"#2"},"up":{"uv":[9.66667,0,0,0],"texture":"#2"},"down":{"uv":[9.66667,0,0,0],"texture":"#2"}}},{"from":[1.72269,8.76176,5],"to":[8.72269,15.76176,5],"rotation":{"angle":0,"axis":"z","origin":[-1.34172,11.62072,5.05]},"faces":{"north":{"uv":[16,0,0,16],"texture":"#1"},"east":{"uv":[0,0,0,10.22222],"texture":"#1"},"south":{"uv":[0,0,16,16],"texture":"#1"},"west":{"uv":[0,0,0,10.22222],"texture":"#1"},"up":{"uv":[6.88889,0,0,0],"texture":"#1"},"down":{"uv":[6.88889,0,0,0],"texture":"#1"}}}],"gui_light":"front","display":{"thirdperson_righthand":{"rotation":[40.5,0,0],"translation":[0,-0.5,1.5],"scale":[0.39766,0.39766,0.39766]},"thirdperson_lefthand":{"rotation":[67.25,0,0],"translation":[-6,-11.25,8.5],"scale":[1.2,1.2,1.2]},"firstperson_righthand":{"translation":[3.25,-1.75,0],"scale":[0.84883,0.84883,0.84883]},"firstperson_lefthand":{"scale":[0,0,0]},"ground":{"rotation":[-89.95,-5.66,-81.23],"translation":[0,4.5,0],"scale":[0.66211,0.66211,0.66211]},"gui":{"rotation":[180,0,180],"scale":[0.34375,0.34375,0.34375]},"head":{"translation":[0,-15.75,11],"scale":[2,2,2]},"fixed":{"translation":[-0.5,3.25,5.75],"scale":[2.79688,2.79688,2.79688]}}}