{"credit":"Made with Blockbench","texture_size":[64,64],"textures":{"0":"zen_armas:guts","particle":"zen_armas:guts"},"elements":[{"from":[6.625,-1.6875,8.375],"to":[8.25,29,12.5625],"rotation":{"angle":0,"axis":"y","origin":[0,2,0]},"faces":{"north":{"uv":[5.5,0,5.875,7.625],"texture":"#0"},"east":{"uv":[3.5,0,4.5,7.625],"texture":"#0"},"south":{"uv":[6,0,6.375,7.625],"texture":"#0"},"west":{"uv":[4.5,0,5.5,7.625],"texture":"#0"},"up":{"uv":[1.875,8.5,1.5,7.5],"texture":"#0"},"down":{"uv":[2.375,7.5,2,8.5],"texture":"#0"}}},{"from":[7.375,-0.625,7.125],"to":[7.6875,29.0625,13.75],"rotation":{"angle":0,"axis":"y","origin":[0,2,0]},"faces":{"north":{"uv":[6.5,2.5,6.625,9.875],"texture":"#0"},"east":{"uv":[0,0,1.625,7.375],"texture":"#0"},"south":{"uv":[6.75,2.5,6.875,9.875],"texture":"#0"},"west":{"uv":[1.75,0,3.375,7.375],"texture":"#0"},"up":{"uv":[4.125,9.375,4,7.75],"texture":"#0"},"down":{"uv":[4.375,7.75,4.25,9.375],"texture":"#0"}}},{"from":[7.4375,26.1875,-14.0625],"to":[7.6225,30.8125,-9.375],"rotation":{"angle":45,"axis":"x","origin":[0,2,0]},"faces":{"north":{"uv":[4.5,7.75,4.625,8.875],"texture":"#0"},"east":{"uv":[6.5,0,7.625,1.125],"texture":"#0"},"south":{"uv":[4.75,7.75,4.875,8.875],"texture":"#0"},"west":{"uv":[6.5,1.25,7.625,2.375],"texture":"#0"},"up":{"uv":[5.125,8.875,5,7.75],"texture":"#0"},"down":{"uv":[5.375,7.75,5.25,8.875],"texture":"#0"}}},{"from":[6.6875,27,-13.1875],"to":[8.185,30,-10.1875],"rotation":{"angle":45,"axis":"x","origin":[0,2,0]},"faces":{"north":{"uv":[2.5,7.5,2.875,8.25],"texture":"#0"},"east":{"uv":[7,2.5,7.75,3.25],"texture":"#0"},"south":{"uv":[3,7.5,3.375,8.25],"texture":"#0"},"west":{"uv":[7,3.25,7.75,4],"texture":"#0"},"up":{"uv":[7.875,5.25,7.5,4.5],"texture":"#0"},"down":{"uv":[7.875,5.25,7.5,6],"texture":"#0"}}},{"from":[6.9375,-1.375,6.5],"to":[8.125,-0.5,14.4375],"rotation":{"angle":0,"axis":"y","origin":[0,2,0]},"faces":{"north":{"uv":[5.5,7.75,5.75,8],"texture":"#0"},"east":{"uv":[7,4,8.875,4.25],"texture":"#0"},"south":{"uv":[5.75,7.75,6,8],"texture":"#0"},"west":{"uv":[7,4.25,8.875,4.5],"texture":"#0"},"up":{"uv":[7.25,6.375,7,4.5],"texture":"#0"},"down":{"uv":[7.25,6.5,7,8.375],"texture":"#0"}}},{"from":[7,-7.5625,10],"to":[8,-1.125,11],"faces":{"north":{"uv":[0.5,7.5,0.75,9.125],"texture":"#0"},"east":{"uv":[0.75,7.5,1,9.125],"texture":"#0"},"south":{"uv":[1,7.5,1.25,9.125],"texture":"#0"},"west":{"uv":[1.25,7.5,1.5,9.125],"texture":"#0"},"up":{"uv":[6.25,8,6,7.75],"texture":"#0"},"down":{"uv":[6.5,7.75,6.25,8],"texture":"#0"}}},{"from":[6.5625,-8.8125,9.375],"to":[8.5625,-6.8125,11.375],"faces":{"north":{"uv":[7.5,6,8,6.5],"texture":"#0"},"east":{"uv":[7.5,6.5,8,7],"texture":"#0"},"south":{"uv":[7.5,7,8,7.5],"texture":"#0"},"west":{"uv":[7.5,7.5,8,8],"texture":"#0"},"up":{"uv":[8.25,0.5,7.75,0],"texture":"#0"},"down":{"uv":[8.25,0.5,7.75,1],"texture":"#0"}}},{"from":[-2.9375,-8.8125,11.75],"to":[-0.9375,-6.8125,13.75],"rotation":{"angle":45,"axis":"y","origin":[0,0,0]},"faces":{"north":{"uv":[7.75,1,8.25,1.5],"texture":"#0"},"east":{"uv":[7.75,1.5,8.25,2],"texture":"#0"},"south":{"uv":[7.75,2,8.25,2.5],"texture":"#0"},"west":{"uv":[7.75,2.5,8.25,3],"texture":"#0"},"up":{"uv":[8.25,3.5,7.75,3],"texture":"#0"},"down":{"uv":[4,7.75,3.5,8.25],"texture":"#0"}}},{"from":[-2.625,-7.5625,12.25],"to":[-1.625,-1.125,13.25],"rotation":{"angle":45,"axis":"y","origin":[0,0,0]},"faces":{"north":{"uv":[7.25,4.5,7.5,6.125],"texture":"#0"},"east":{"uv":[7.25,6.25,7.5,7.875],"texture":"#0"},"south":{"uv":[0,7.5,0.25,9.125],"texture":"#0"},"west":{"uv":[0.25,7.5,0.5,9.125],"texture":"#0"},"up":{"uv":[8,3.75,7.75,3.5],"texture":"#0"},"down":{"uv":[8,3.75,7.75,4],"texture":"#0"}}}],"display":{"thirdperson_righthand":{"translation":[0,10.75,-1]},"thirdperson_lefthand":{"translation":[0,10.25,0]},"firstperson_righthand":{"translation":[11.25,6.25,-10.5]},"firstperson_lefthand":{"translation":[8.25,7.75,-9]},"ground":{"translation":[0,14.25,0]},"gui":{"rotation":[99.29,53.42,-97.41],"translation":[-2.5,-0.75,0],"scale":[0.5,0.5,0.5]},"head":{"rotation":[-65.22,-65.55,115.02],"translation":[6.5,-8,6.25],"scale":[1.7,1.7,1.7]},"fixed":{"rotation":[0,-89.75,0],"translation":[1.75,0,-0.5]}}}